economy,year,social_foundation_score,ecological_ceiling_score,social_dimension_coverage,ecological_dimension_coverage,doughnut_score,green_transition_actions_score,green_expected_2030_path,green_distance_to_target
China,1970,,90.66197483982243,,0.16666666666666666,9.338025160177565,90.66197483982243,90.66197483982243,0.0
China,1971,,90.6250729484282,,0.16666666666666666,9.374927051571802,90.6250729484282,90.48427525915872,0.14079768926947622
China,1972,,89.97601304836112,,0.16666666666666666,10.023986951638875,89.97601304836112,90.30657567849502,-0.33056263013389753
China,1973,,89.54948192062608,,0.16666666666666666,10.450518079373921,89.54948192062608,90.12887609783131,-0.5793941772052307
China,1974,,89.36119341566015,,0.16666666666666666,10.638806584339846,89.36119341566015,89.95117651716761,-0.5899831015074568
China,1975,,87.73679415598987,,0.16666666666666666,12.26320584401013,87.73679415598987,89.7734769365039,-2.0366827805140275
China,1976,,87.22146563796278,,0.16666666666666666,12.77853436203722,87.22146563796278,89.5957773558402,-2.3743117178774185
China,1977,,85.58089367390366,,0.16666666666666666,14.41910632609634,85.58089367390366,89.41807777517649,-3.8371841012728254
China,1978,,83.69350600300156,,0.16666666666666666,16.30649399699844,83.69350600300156,89.24037819451277,-5.546872191511213
China,1979,,83.28650181508945,,0.16666666666666666,16.71349818491055,83.28650181508945,89.06267861384907,-5.7761767987596215
China,1980,,83.65278664876345,,0.16666666666666666,16.347213351236547,83.65278664876345,88.88497903318536,-5.232192384421907
China,1981,,83.80421687406684,,0.16666666666666666,16.19578312593316,83.80421687406684,88.70727945252166,-4.903062578454822
China,1982,,83.0507475922313,,0.16666666666666666,16.949252407768697,83.0507475922313,88.52957987185795,-5.478832279626644
China,1983,,82.14136200504842,,0.16666666666666666,17.85863799495158,82.14136200504842,88.35188029119423,-6.210518286145813
China,1984,,80.50024070788955,,0.16666666666666666,19.499759292110454,80.50024070788955,88.17418071053054,-7.67394000264099
China,1985,,80.2864217995852,,0.16666666666666666,19.7135782004148,80.2864217995852,87.99648112986682,-7.710059330281624
China,1986,,79.03897492590171,,0.16666666666666666,20.961025074098288,79.03897492590171,87.81878154920312,-8.779806623301411
China,1987,,77.55239855328335,,0.16666666666666666,22.447601446716646,77.55239855328335,87.64108196853941,-10.088683415256057
China,1988,,75.83234029488374,,0.16666666666666666,24.167659705116264,75.83234029488374,87.4633823878757,-11.631042092991962
China,1989,,74.98991066758448,,0.16666666666666666,25.010089332415518,74.98991066758448,87.285682807212,-12.295772139627516
China,1990,,74.53726581217457,,0.16666666666666666,25.462734187825433,74.53726581217457,87.10798322654828,-12.570717414373718
China,1991,,73.07882624960921,,0.16666666666666666,26.921173750390793,73.07882624960921,86.93028364588459,-13.851457396275379
China,1992,,71.7956343766677,,0.16666666666666666,28.204365623332293,71.7956343766677,86.75258406522087,-14.956949688553166
China,1993,,69.43082470752363,,0.16666666666666666,30.569175292476373,69.43082470752363,86.57488448455717,-17.144059777033547
China,1994,,44.65314447045792,,0.16666666666666666,55.34685552954208,44.65314447045792,86.39718490389346,-41.74404043343554
China,1995,,64.32772590265068,,0.16666666666666666,35.672274097349316,64.32772590265068,86.21948532322975,-21.891759420579064
China,1996,,64.60153851285261,,0.16666666666666666,35.39846148714739,64.60153851285261,86.04178574256605,-21.440247229713435
China,1997,,63.56005761633372,,0.16666666666666666,36.43994238366628,63.56005761633372,85.86408616190234,-22.304028545568613
China,1998,,62.65108059775712,,0.16666666666666666,37.34891940224288,62.65108059775712,85.68638658123864,-23.035305983481514
China,1999,,63.44791362485029,,0.16666666666666666,36.55208637514971,63.44791362485029,85.50868700057492,-22.060773375724636
China,2000,,61.30078124094865,,0.16666666666666666,38.69921875905135,61.30078124094865,85.33098741991122,-24.030206178962572
China,2001,,59.3996412279498,,0.16666666666666666,40.6003587720502,59.3996412279498,85.15328783924751,-25.75364661129771
China,2002,,56.09465319488421,,0.16666666666666666,43.90534680511579,56.09465319488421,84.9755882585838,-28.88093506369959
China,2003,,49.2271036700296,,0.16666666666666666,50.7728963299704,49.2271036700296,84.7978886779201,-35.5707850078905
China,2004,,41.46769473792618,,0.16666666666666666,58.53230526207382,41.46769473792618,84.62018909725639,-43.152494359330205
China,2005,,6.706743400606072,,0.16666666666666666,93.29325659939393,6.706743400606072,84.44248951659269,-77.73574611598661
China,2006,,26.16021065406463,,0.16666666666666666,73.83978934593537,26.16021065406463,84.26478993592897,-58.104579281864346
China,2007,,19.73158153477686,,0.16666666666666666,80.26841846522314,19.73158153477686,84.08709035526526,-64.3555088204884
China,2008,,17.261325627119128,,0.16666666666666666,82.73867437288087,17.261325627119128,83.90939077460156,-66.64806514748244
China,2009,,11.178083724479569,,0.16666666666666666,88.82191627552044,11.178083724479569,83.73169119393785,-72.55360746945829
China,2010,,0.5470623197570191,,0.16666666666666666,99.45293768024298,0.5470623197570191,83.55399161327415,-83.00692929351713
China,2011,,0.0,,0.16666666666666666,100.0,0.0,83.37629203261044,-83.37629203261044
China,2012,,0.0,,0.16666666666666666,100.0,0.0,83.19859245194674,-83.19859245194674
China,2013,,0.0,,0.16666666666666666,100.0,0.0,83.02089287128302,-83.02089287128302
China,2014,,0.0,,0.16666666666666666,100.0,0.0,82.84319329061931,-82.84319329061931
China,2015,43.58514068746532,47.19344367070511,0.9,1.0,47.974797413151,37.15039359168424,82.66549370995561,-45.51510011827137
China,2016,45.793014758717476,48.41889840407338,0.9,1.0,48.600968577315136,39.18411475381612,82.4877941292919,-43.30367937547578
China,2017,48.40715240652897,48.632892417563966,0.9,1.0,49.86517226908527,40.64351291526062,82.3100945486282,-41.66658163336758
China,2018,51.17722858206886,51.05156680753263,0.9,1.0,50.05042611432023,42.917993007448494,82.13239496796449,-39.21440196051599
China,2019,52.72061723537277,52.678126501536404,0.9,1.0,49.94835712586782,44.60732457817505,81.95469538730077,-37.34737080912572
China,2020,53.53651278580755,54.62937355064707,0.9,1.0,49.284735192611926,46.54076170515752,81.77699580663707,-35.23623410147955
China,2021,57.9115566459969,55.04220300178905,0.9,0.8333333333333334,51.025248725911396,45.36411878602837,81.59929622597336,-36.23517743994499
China,2022,57.450184802898775,52.79286453010756,0.9,0.8333333333333334,52.077429436952805,49.894769831186,81.42159664530966,-31.526826814123666
China,2023,60.28707514381954,50.252760762715816,0.9,0.6666666666666666,54.764181269290596,47.59919299825551,81.24389706464595,-33.64470406639044
China,2024,72.21313322738999,50.0,0.5,0.3333333333333333,60.08873988834764,0.0,81.06619748398225,-81.06619748398225
China,2025,75.45620360351862,,0.2,,75.45620360351862,,,
India,1970,,98.15905002636026,,0.16666666666666666,1.840949973639738,98.15905002636026,98.15905002636026,0.0
India,1971,,98.15375392575666,,0.16666666666666666,1.8462460742433393,98.15375392575666,97.85639919258759,0.29735473316907246
India,1972,,98.06684755756307,,0.16666666666666666,1.9331524424369348,98.06684755756307,97.55374835881491,0.5130991987481508
India,1973,,98.0812525443847,,0.16666666666666666,1.9187474556153035,98.0812525443847,97.25109752504225,0.8301550193424418
India,1974,,97.91162876275784,,0.16666666666666666,2.088371237242157,97.91162876275784,96.94844669126958,0.9631820714882622
India,1975,,97.74752517090816,,0.16666666666666666,2.252474829091838,97.74752517090816,96.6457958574969,1.101729313411255
India,1976,,97.56102195005272,,0.16666666666666666,2.4389780499472806,97.56102195005272,96.34314502372423,1.2178769263284863
India,1977,,97.50635090728375,,0.16666666666666666,2.493649092716254,97.50635090728375,96.04049418995156,1.465856717332187
India,1978,,97.56492464814883,,0.16666666666666666,2.435075351851168,97.56492464814883,95.7378433561789,1.8270812919699324
India,1979,,97.34969353618821,,0.16666666666666666,2.6503064638117877,97.34969353618821,95.43519252240623,1.9145010137819867
India,1980,,97.18503355965406,,0.16666666666666666,2.814966440345941,97.18503355965406,95.13254168863355,2.052491871020507
India,1981,,96.85871534084761,,0.16666666666666666,3.14128465915239,96.85871534084761,94.82989085486088,2.028824485986732
India,1982,,96.66648634655684,,0.16666666666666666,3.3335136534431626,96.66648634655684,94.5272400210882,2.1392463254686334
India,1983,,96.42298658082704,,0.16666666666666666,3.577013419172957,96.42298658082704,94.22458918731554,2.198397393511499
India,1984,,96.01241223495272,,0.16666666666666666,3.98758776504728,96.01241223495272,93.92193835354287,2.0904738814098494
India,1985,,95.81337279355026,,0.16666666666666666,4.186627206449742,95.81337279355026,93.6192875197702,2.194085273780061
India,1986,,95.41436812582211,,0.16666666666666666,4.585631874177892,95.41436812582211,93.31663668599752,2.097731439824585
India,1987,,95.06203954780176,,0.16666666666666666,4.93796045219824,95.06203954780176,93.01398585222485,2.048053695576911
India,1988,,94.73086548433523,,0.16666666666666666,5.269134515664774,94.73086548433523,92.71133501845219,2.0195304658830366
India,1989,,94.32499745043363,,0.16666666666666666,5.675002549566372,94.32499745043363,92.40868418467952,1.9163132657541126
India,1990,,93.99706041045519,,0.16666666666666666,6.002939589544809,93.99706041045519,92.10603335090684,1.8910270595483496
India,1991,,93.50670886405031,,0.16666666666666666,6.49329113594969,93.50670886405031,91.80338251713417,1.7033263469161426
India,1992,,93.25695936221861,,0.16666666666666666,6.743040637781391,93.25695936221861,91.5007316833615,1.7562276788571154
India,1993,,92.93408617196579,,0.16666666666666666,7.065913828034212,92.93408617196579,91.19808084958883,1.736005322376954
India,1994,,81.9164811546464,,0.16666666666666666,18.083518845353595,81.9164811546464,90.89543001581616,-8.978948861169755
India,1995,,91.89652143093478,,0.16666666666666666,8.103478569065217,91.89652143093478,90.59277918204349,1.3037422488912966
India,1996,,91.49904985411949,,0.16666666666666666,8.500950145880509,91.49904985411949,90.29012834827081,1.2089215058486786
India,1997,,91.02486435907704,,0.16666666666666666,8.975135640922957,91.02486435907704,89.98747751449814,1.0373868445789043
India,1998,,90.77899267988951,,0.16666666666666666,9.221007320110488,90.77899267988951,89.68482668072548,1.0941659991640336
India,1999,,90.12447906522952,,0.16666666666666666,9.875520934770478,90.12447906522952,89.3821758469528,0.7423032182767173
India,2000,,78.18274166717086,,0.16666666666666666,21.81725833282914,78.18274166717086,89.07952501318013,-10.896783346009272
India,2001,,89.57291889919443,,0.16666666666666666,10.427081100805566,89.57291889919443,88.77687417940746,0.7960447197869769
India,2002,,89.16425185631861,,0.16666666666666666,10.835748143681386,89.16425185631861,88.47422334563478,0.6900285106838311
India,2003,,88.82165087989928,,0.16666666666666666,11.17834912010072,88.82165087989928,88.17157251186211,0.6500783680371711
India,2004,,87.90914866299714,,0.16666666666666666,12.09085133700286,87.90914866299714,87.86892167808945,0.040226984907690166
India,2005,,87.37618320901171,,0.16666666666666666,12.623816790988286,87.37618320901171,87.56627084431678,-0.190087635305062
India,2006,,86.49684769898994,,0.16666666666666666,13.503152301010061,86.49684769898994,87.2636200105441,-0.7667723115541634
India,2007,,85.25660716121575,,0.16666666666666666,14.743392838784246,85.25660716121575,86.96096917677143,-1.7043620155556738
India,2008,,84.13527404240833,,0.16666666666666666,15.864725957591673,84.13527404240833,86.65831834299877,-2.523044300590442
India,2009,,83.04715705428377,,0.16666666666666666,16.952842945716228,83.04715705428377,86.3556675092261,-3.308510454942322
India,2010,,71.46946341484262,,0.16666666666666666,28.53053658515738,71.46946341484262,86.05301667545342,-14.583553260610799
India,2011,,80.63866732927598,,0.16666666666666666,19.361332670724025,80.63866732927598,85.75036584168075,-5.111698512404772
India,2012,,78.81839664598365,,0.16666666666666666,21.181603354016346,78.81839664598365,85.44771500790807,-6.629318361924419
India,2013,,78.2031618989549,,0.16666666666666666,21.796838101045097,78.2031618989549,85.14506417413541,-6.94190227518051
India,2014,,76.432299448507,,0.16666666666666666,23.567700551493004,76.432299448507,84.84241334036274,-8.410113891855744
India,2015,4.3559260386636245,39.10004000593449,0.9,1.0,16.287287112706125,46.51694016170235,84.53976250659007,-38.022822344887715
India,2016,4.409669291941996,36.22015547521644,0.9,1.0,16.77045085398043,52.00478216010774,84.23711167281739,-32.232329512709654
India,2017,4.634611764826085,39.773598343668176,0.9,1.0,16.707064064927042,46.739028122012385,83.93446083904472,-37.19543271703233
India,2018,8.665344586687338,39.936033590728805,0.9,1.0,22.813920447383616,47.580614586450814,83.63181000527206,-36.051195418821244
India,2019,10.559246988568407,42.64298562194164,0.9,1.0,24.609893972644166,51.0390222772055,83.32915917149938,-32.29013689429389
India,2020,11.104273021911215,46.505211356188234,0.9,1.0,24.37254066260474,55.52345042910169,83.02650833772671,-27.503057908625017
India,2021,14.146666627859545,49.45923323809002,0.9,0.8333333333333334,26.73917310795426,59.72418144298013,82.72385750395404,-22.999676060973904
India,2022,21.300880328380597,46.410696938618315,0.9,0.8333333333333334,33.78608191832566,52.5938258510325,82.42120667018136,-29.827380819148864
India,2023,22.71516719937125,56.43052363295461,0.9,0.6666666666666666,31.45930610274948,67.06179625204607,82.1185558364087,-15.056759584362638
India,2024,18.93158642414175,47.548574646313185,0.4,0.3333333333333333,31.51172309082355,66.60189607844573,81.81590500263603,-15.214008924190296
India,2025,57.26119158941686,,0.3,,57.26119158941686,,,
Switzerland,1970,,99.99862604832981,,0.16666666666666666,0.0013739516701889443,99.99862604832981,99.99862604832981,0.0
Switzerland,1971,,99.97759458266685,,0.16666666666666666,0.022405417333146715,99.97759458266685,99.66531561419099,0.3122789684758658
Switzerland,1972,,99.97005726315301,,0.16666666666666666,0.02994273684699067,99.97005726315301,99.33200518005215,0.6380520831008596
Switzerland,1973,,99.93108504103164,,0.16666666666666666,0.06891495896836375,99.93108504103164,98.99869474591333,0.9323902951183101
Switzerland,1974,,99.9813761942752,,0.16666666666666666,0.01862380572480049,99.9813761942752,98.66538431177449,1.315991882500711
Switzerland,1975,,100.0,,0.16666666666666666,0.0,100.0,98.33207387763566,1.6679261223643351
Switzerland,1976,,99.98913737169869,,0.16666666666666666,0.010862628301310906,99.98913737169869,97.99876344349683,1.990373928201862
Switzerland,1977,,99.98463039206167,,0.16666666666666666,0.015369607938325203,99.98463039206167,97.665453009358,2.3191773827036712
Switzerland,1978,,99.97171988440537,,0.16666666666666666,0.028280115594625954,99.97171988440537,97.33214257521917,2.6395773091862083
Switzerland,1979,,99.9859059578903,,0.16666666666666666,0.014094042109704219,99.9859059578903,96.99883214108034,2.9870738168099535
Switzerland,1980,,99.97774093254031,,0.16666666666666666,0.022259067459685866,99.97774093254031,96.6655217069415,3.3122192255988097
Switzerland,1981,,100.0,,0.16666666666666666,0.0,100.0,96.33221127280268,3.667788727197319
Switzerland,1982,,100.0,,0.16666666666666666,0.0,100.0,95.99890083866384,4.001099161336157
Switzerland,1983,,99.98295109980839,,0.16666666666666666,0.017048900191610983,99.98295109980839,95.66559040452502,4.317360695283369
Switzerland,1984,,99.9883904671408,,0.16666666666666666,0.011609532859196747,99.9883904671408,95.33227997038618,4.656110496754621
Switzerland,1985,,99.95403789200725,,0.16666666666666666,0.045962107992750134,99.95403789200725,94.99896953624736,4.955068355759892
Switzerland,1986,,99.9550142722361,,0.16666666666666666,0.044985727763901195,99.9550142722361,94.66565910210853,5.289355170127564
Switzerland,1987,,99.97205663643372,,0.16666666666666666,0.0279433635662798,99.97205663643372,94.3323486679697,5.639707968464023
Switzerland,1988,,99.97250440141622,,0.16666666666666666,0.027495598583783476,99.97250440141622,93.99903823383087,5.973466167585343
Switzerland,1989,,99.97450318849118,,0.16666666666666666,0.02549681150881611,99.97450318849118,93.66572779969204,6.308775388799148
Switzerland,1990,,99.88731019926492,,0.16666666666666666,0.11268980073508317,99.88731019926492,93.33241736555321,6.554892833711705
Switzerland,1991,,99.87804373362395,,0.16666666666666666,0.12195626637604562,99.87804373362395,92.99910693141437,6.87893680220958
Switzerland,1992,,99.88194658201192,,0.16666666666666666,0.11805341798807945,99.88194658201192,92.66579649727555,7.21615008473637
Switzerland,1993,,99.90597902195707,,0.16666666666666666,0.09402097804293419,99.90597902195707,92.33248606313671,7.573492958820353
Switzerland,1994,,99.91597814327723,,0.16666666666666666,0.08402185672277085,99.91597814327723,91.99917562899789,7.91680251427934
Switzerland,1995,,99.91023600386069,,0.16666666666666666,0.08976399613931108,99.91023600386069,91.66586519485905,8.244370809001637
Switzerland,1996,,99.91067723603328,,0.16666666666666666,0.08932276396672023,99.91067723603328,91.33255476072023,8.578122475313052
Switzerland,1997,,99.92476210254672,,0.16666666666666666,0.07523789745327747,99.92476210254672,90.99924432658139,8.925517775965332
Switzerland,1998,,99.9167625433563,,0.16666666666666666,0.08323745664370108,99.9167625433563,90.66593389244257,9.250828650913732
Switzerland,1999,,99.91868186911636,,0.16666666666666666,0.08131813088364481,99.91868186911636,90.33262345830374,9.586058410812612
Switzerland,2000,,99.91334393315626,,0.16666666666666666,0.08665606684374438,99.91334393315626,89.9993130241649,9.91403090899135
Switzerland,2001,,99.91321317662207,,0.16666666666666666,0.08678682337793475,99.91321317662207,89.66600259002607,10.247210586595997
Switzerland,2002,,99.9298342394382,,0.16666666666666666,0.07016576056180668,99.9298342394382,89.33269215588724,10.597142083550949
Switzerland,2003,,99.92897429324469,,0.16666666666666666,0.07102570675530728,99.92897429324469,88.99938172174842,10.929592571496272
Switzerland,2004,,99.9289370412528,,0.16666666666666666,0.07106295874720558,99.9289370412528,88.66607128760958,11.262865753643212
Switzerland,2005,,99.92346943094599,,0.16666666666666666,0.07653056905401456,99.92346943094599,88.33276085347076,11.590708577475226
Switzerland,2006,,99.92682711560674,,0.16666666666666666,0.07317288439325864,99.92682711560674,87.99945041933192,11.92737669627482
Switzerland,2007,,99.94097130441955,,0.16666666666666666,0.05902869558045154,99.94097130441955,87.6661399851931,12.27483131922645
Switzerland,2008,,99.93478062496749,,0.16666666666666666,0.06521937503251252,99.93478062496749,87.33282955105426,12.601951073913227
Switzerland,2009,,99.9564072119924,,0.16666666666666666,0.0435927880076008,99.9564072119924,86.99951911691544,12.956888095076962
Switzerland,2010,,99.93897006608503,,0.16666666666666666,0.06102993391496625,99.93897006608503,86.6662086827766,13.272761383308435
Switzerland,2011,,99.97446294185222,,0.16666666666666666,0.025537058147776293,99.97446294185222,86.33289824863778,13.641564693214448
Switzerland,2012,,99.96832808351625,,0.16666666666666666,0.03167191648374512,99.96832808351625,85.99958781449894,13.968740269017317
Switzerland,2013,,99.96199394563733,,0.16666666666666666,0.03800605436266835,99.96199394563733,85.66627738036011,14.295716565277218
Switzerland,2014,,99.99128369527753,,0.16666666666666666,0.008716304722469204,99.99128369527753,85.33296694622129,14.65831674905624
Switzerland,2015,89.79399148621911,79.54763360050778,0.9,1.0,42.8544001748833,91.43349108673692,84.99965651208245,6.433834574654469
Switzerland,2016,90.51656718150706,80.48090293600235,0.9,1.0,42.03333987105593,91.85819803129739,84.66634607794362,7.191851953353776
Switzerland,2017,91.06324347268144,81.92189325773266,0.9,1.0,40.57401922161785,92.33876191727785,84.33303564380479,8.005726273473059
Switzerland,2018,91.7419291385992,83.1712361868368,0.9,1.0,39.29253437025209,92.06356716455183,83.99972520966597,8.06384195488586
Switzerland,2019,92.64939432245187,83.46672907679257,0.9,1.0,39.13818515470757,92.33964000640646,83.66641477552713,8.673225230879325
Switzerland,2020,91.57802406383118,84.10519985514621,0.9,1.0,38.15251486016627,93.25505378015728,83.33310434138829,9.92194943876899
Switzerland,2021,92.49175327090451,81.5262353189606,0.9,0.8333333333333334,41.336072441191675,93.48234495017095,82.99979390724947,10.482551042921486
Switzerland,2022,93.97901585236188,81.89596833416313,0.9,0.8333333333333334,41.24801909080415,92.02855603525676,82.66648347311065,9.36207256214611
Switzerland,2023,94.66733832879896,73.47898540619973,0.9,0.6666666666666666,50.106624924996744,90.4728458588006,82.33317303897181,8.139672819828789
Switzerland,2024,94.05175444403676,50.0,0.3,0.3333333333333333,68.57541631081676,100.0,81.99986260483298,18.000137395167016
Switzerland,2025,79.03076315384783,,0.2,,79.03076315384783,,,
United Kingdom,1970,,93.21438927217588,,0.16666666666666666,6.785610727824121,93.21438927217588,93.21438927217588,0.0
United Kingdom,1971,,93.26525920182256,,0.16666666666666666,6.734740798177441,93.26525920182256,92.99414945097294,0.2711097508496181
United Kingdom,1972,,93.38271562452378,,0.16666666666666666,6.617284375476217,93.38271562452378,92.77390962977002,0.6088059947537658
United Kingdom,1973,,93.0359093648541,,0.16666666666666666,6.964090635145894,93.0359093648541,92.55366980856708,0.48223955628702697
United Kingdom,1974,,93.52287209237117,,0.16666666666666666,6.477127907628827,93.52287209237117,92.33342998736416,1.1894421050070179
United Kingdom,1975,,93.7479413186106,,0.16666666666666666,6.2520586813894,93.7479413186106,92.11319016616122,1.6347511524493825
United Kingdom,1976,,93.68192681533932,,0.16666666666666666,6.318073184660676,93.68192681533932,91.8929503449583,1.78897647038103
United Kingdom,1977,,93.59072992623553,,0.16666666666666666,6.409270073764475,93.59072992623553,91.67271052375536,1.9180194024801693
United Kingdom,1978,,93.61044403096979,,0.16666666666666666,6.389555969030212,93.61044403096979,91.45247070255243,2.1579733284173557
United Kingdom,1979,,93.2221859560153,,0.16666666666666666,6.777814043984705,93.2221859560153,91.2322308813495,1.9899550746658008
United Kingdom,1980,,93.91255225813535,,0.16666666666666666,6.087447741864651,93.91255225813535,91.01199106014657,2.900561197988779
United Kingdom,1981,,94.11971265186773,,0.16666666666666666,5.880287348132271,94.11971265186773,90.79175123894363,3.327961412924097
United Kingdom,1982,,94.29050237041807,,0.16666666666666666,5.709497629581932,94.29050237041807,90.57151141774071,3.718990952677359
United Kingdom,1983,,94.36380795851834,,0.16666666666666666,5.636192041481664,94.36380795851834,90.35127159653777,4.012536361980565
United Kingdom,1984,,94.5387045958771,,0.16666666666666666,5.461295404122893,94.5387045958771,90.13103177533485,4.40767282054226
United Kingdom,1985,,94.25340222809504,,0.16666666666666666,5.746597771904959,94.25340222809504,89.91079195413191,4.342610273963132
United Kingdom,1986,,94.10325268627014,,0.16666666666666666,5.896747313729861,94.10325268627014,89.69055213292897,4.412700553341168
United Kingdom,1987,,94.05334119712501,,0.16666666666666666,5.9466588028749925,94.05334119712501,89.47031231172605,4.58302888539896
United Kingdom,1988,,94.07794202802467,,0.16666666666666666,5.922057971975335,94.07794202802467,89.25007249052311,4.827869537501556
United Kingdom,1989,,94.22394146996345,,0.16666666666666666,5.776058530036551,94.22394146996345,89.02983266932019,5.194108800643264
United Kingdom,1990,,89.72750216373352,,0.16666666666666666,10.272497836266481,89.72750216373352,88.80959284811725,0.9179093156162708
United Kingdom,1991,,89.63233814754388,,0.16666666666666666,10.367661852456123,89.63233814754388,88.58935302691432,1.0429851206295524
United Kingdom,1992,,89.98204849340061,,0.16666666666666666,10.017951506599388,89.98204849340061,88.36911320571139,1.6129352876892256
United Kingdom,1993,,90.33069586253039,,0.16666666666666666,9.66930413746961,90.33069586253039,88.14887338450846,2.181822478021928
United Kingdom,1994,,90.54488127804098,,0.16666666666666666,9.455118721959025,90.54488127804098,87.92863356330552,2.616247714735451
United Kingdom,1995,,90.61735933282141,,0.16666666666666666,9.382640667178592,90.61735933282141,87.7083937421026,2.9089655907188074
United Kingdom,1996,,90.4643711492043,,0.16666666666666666,9.535628850795703,90.4643711492043,87.48815392089966,2.976217228304634
United Kingdom,1997,,90.70664796105942,,0.16666666666666666,9.293352038940583,90.70664796105942,87.26791409969674,3.438733861362678
United Kingdom,1998,,90.77689483773358,,0.16666666666666666,9.223105162266421,90.77689483773358,87.0476742784938,3.729220559239778
United Kingdom,1999,,91.42467752095112,,0.16666666666666666,8.575322479048879,91.42467752095112,86.82743445729088,4.597243063660244
United Kingdom,2000,,91.54257739830182,,0.16666666666666666,8.457422601698184,91.54257739830182,86.60719463608794,4.935382762213877
United Kingdom,2001,,91.64854438039575,,0.16666666666666666,8.351455619604252,91.64854438039575,86.386954814885,5.2615895655107465
United Kingdom,2002,,91.93004905835924,,0.16666666666666666,8.069950941640755,91.93004905835924,86.16671499368208,5.763334064677167
United Kingdom,2003,,91.98970782741586,,0.16666666666666666,8.010292172584144,91.98970782741586,85.94647517247914,6.043232654936716
United Kingdom,2004,,92.08215416394027,,0.16666666666666666,7.917845836059726,92.08215416394027,85.72623535127622,6.355918812664058
United Kingdom,2005,,92.27316433608388,,0.16666666666666666,7.72683566391612,92.27316433608388,85.50599553007328,6.767168806010602
United Kingdom,2006,,92.45138209853722,,0.16666666666666666,7.548617901462777,92.45138209853722,85.28575570887035,7.165626389666869
United Kingdom,2007,,92.62900336561685,,0.16666666666666666,7.370996634383147,92.62900336561685,85.06551588766742,7.563487477949437
United Kingdom,2008,,92.94421606818817,,0.16666666666666666,7.055783931811831,92.94421606818817,84.84527606646449,8.098940001723676
United Kingdom,2009,,93.55913797979942,,0.16666666666666666,6.4408620202005835,93.55913797979942,84.62503624526155,8.934101734537862
United Kingdom,2010,,93.52027555523111,,0.16666666666666666,6.479724444768891,93.52027555523111,84.40479642405863,9.115479131172478
United Kingdom,2011,,93.98237916567453,,0.16666666666666666,6.01762083432547,93.98237916567453,84.1845566028557,9.797822562818837
United Kingdom,2012,,93.88015675628195,,0.16666666666666666,6.119843243718051,93.88015675628195,83.96431678165277,9.91583997462918
United Kingdom,2013,,94.08308844969723,,0.16666666666666666,5.916911550302771,94.08308844969723,83.74407696044983,10.339011489247397
United Kingdom,2014,,94.44047475971675,,0.16666666666666666,5.55952524028325,94.44047475971675,83.52383713924691,10.916637620469842
United Kingdom,2015,79.39412086043495,63.64410362153063,0.9,1.0,53.72564035041039,75.43026986372428,83.30359731804397,-7.873327454319693
United Kingdom,2016,77.58973571160169,63.173176208064255,0.9,1.0,53.454499577809344,75.68976408153421,83.08335749684103,-7.393593415306825
United Kingdom,2017,80.92591255913017,64.8790524663758,0.9,1.0,53.3122380800119,75.84828144101257,82.86311767563811,-7.014836234625534
United Kingdom,2018,80.71173261528153,65.59060641222855,0.9,1.0,52.699542452569666,76.46060691105619,82.64287785443517,-6.182270943378981
United Kingdom,2019,82.46774971345627,65.89027188836455,0.9,1.0,53.03727482350876,77.17837982192287,82.42263803323225,-5.244258211309372
United Kingdom,2020,79.7890330453087,69.29481898016941,0.9,1.0,49.49683528321227,78.48725363128933,82.20239821202931,-3.715144580739974
United Kingdom,2021,79.78665968355128,61.94443771650663,0.9,0.8333333333333334,55.10286922637762,75.98122210881999,81.98215839082638,-6.000936282006393
United Kingdom,2022,82.3062509703845,60.38946174424336,0.9,0.8333333333333334,57.098116455364114,73.4264472098217,81.76191856962345,-8.335471359801744
United Kingdom,2023,81.8241013637275,49.313983593159904,0.9,0.6666666666666666,64.39982720626539,68.38176707236569,81.54167874842052,-13.159911676054833
United Kingdom,2024,73.69747531822881,55.59526341315041,0.3,0.3333333333333333,57.20591733922114,97.30469611071189,81.32143892721759,15.983257183494302
United Kingdom,2025,63.91926833866336,,0.2,,63.91926833866336,,,
United States,1970,,51.14027791300894,,0.16666666666666666,48.85972208699106,51.14027791300894,51.14027791300894,0.0
United States,1971,,52.590249426270475,,0.16666666666666666,47.409750573729525,52.590249426270475,51.621273281125454,0.968976145145021
United States,1972,,49.89843715513622,,0.16666666666666666,50.10156284486378,49.89843715513622,52.10226864924197,-2.2038314941057493
United States,1973,,47.901816585928415,,0.16666666666666666,52.098183414071585,47.901816585928415,52.58326401735849,-4.6814474314300725
United States,1974,,49.71682554252891,,0.16666666666666666,50.28317445747109,49.71682554252891,53.064259385475005,-3.3474338429460957
United States,1975,,51.992160239716625,,0.16666666666666666,48.007839760283375,51.992160239716625,53.54525475359153,-1.5530945138749033
United States,1976,,48.76896077704077,,0.16666666666666666,51.23103922295923,48.76896077704077,54.026250121708046,-5.257289344667278
United States,1977,,47.00723129917046,,0.16666666666666666,52.99276870082954,47.00723129917046,54.50724548982456,-7.500014190654099
United States,1978,,47.11617128669093,,0.16666666666666666,52.88382871330907,47.11617128669093,54.98824085794108,-7.872069571250151
United States,1979,,46.72086720495889,,0.16666666666666666,53.27913279504111,46.72086720495889,55.469236226057596,-8.748369021098704
United States,1980,,49.1510908274836,,0.16666666666666666,50.8489091725164,49.1510908274836,55.95023159417411,-6.799140766690513
United States,1981,,49.914933587581054,,0.16666666666666666,50.085066412418946,49.914933587581054,56.43122696229063,-6.516293374709576
United States,1982,,52.535078141092484,,0.16666666666666666,47.464921858907516,52.535078141092484,56.91222233040715,-4.377144189314663
United States,1983,,52.70659946530284,,0.16666666666666666,47.29340053469716,52.70659946530284,57.39321769852367,-4.686618233220834
United States,1984,,50.49839359863341,,0.16666666666666666,49.50160640136659,50.49839359863341,57.87421306664019,-7.375819468006775
United States,1985,,50.216993384159316,,0.16666666666666666,49.783006615840684,50.216993384159316,58.355208434756705,-8.138215050597388
United States,1986,,50.619549631478954,,0.16666666666666666,49.380450368521046,50.619549631478954,58.83620380287322,-8.216654171394268
United States,1987,,48.931109645095205,,0.16666666666666666,51.068890354904795,48.931109645095205,59.31719917098974,-10.386089525894533
United States,1988,,46.565240265972704,,0.16666666666666666,53.434759734027296,46.565240265972704,59.798194539106255,-13.23295427313355
United States,1989,,45.9465862683027,,0.16666666666666666,54.0534137316973,45.9465862683027,60.27918990722277,-14.33260363892007
United States,1990,,17.037940965152963,,0.16666666666666666,82.96205903484704,17.037940965152963,60.76018527533929,-43.722244310186326
United States,1991,,17.84507284932361,,0.16666666666666666,82.15492715067639,17.84507284932361,61.241180643455806,-43.39610779413219
United States,1992,,16.928239490234034,,0.16666666666666666,83.07176050976597,16.928239490234034,61.72217601157233,-44.793936521338296
United States,1993,,15.449817769750847,,0.16666666666666666,84.55018223024915,15.449817769750847,62.20317137968885,-46.753353609938
United States,1994,,14.33292285242859,,0.16666666666666666,85.6670771475714,14.33292285242859,62.684166747805364,-48.351243895376776
United States,1995,,13.728172675812473,,0.16666666666666666,86.27182732418753,13.728172675812473,63.16516211592188,-49.43698944010941
United States,1996,,11.9275239699432,,0.16666666666666666,88.0724760300568,11.9275239699432,63.6461574840384,-51.718633514095195
United States,1997,,11.748117461651848,,0.16666666666666666,88.25188253834816,11.748117461651848,64.12715285215492,-52.37903539050308
United States,1998,,11.621200183687453,,0.16666666666666666,88.37879981631255,11.621200183687453,64.60814822027143,-52.98694803658398
United States,1999,,11.804850280839581,,0.16666666666666666,88.19514971916041,11.804850280839581,65.08914358838796,-53.284293307548374
United States,2000,,10.392300339964262,,0.16666666666666666,89.60769966003573,10.392300339964262,65.57013895650446,-55.1778386165402
United States,2001,,11.235675212186672,,0.16666666666666666,88.76432478781332,11.235675212186672,66.05113432462099,-54.81545911243432
United States,2002,,11.190097996165267,,0.16666666666666666,88.80990200383474,11.190097996165267,66.5321296927375,-55.342031696572235
United States,2003,,10.718037193189572,,0.16666666666666666,89.28196280681043,10.718037193189572,67.01312506085402,-56.29508786766445
United States,2004,,9.226427731228126,,0.16666666666666666,90.77357226877187,9.226427731228126,67.49412042897055,-58.26769269774242
United States,2005,,9.770293755894453,,0.16666666666666666,90.22970624410554,9.770293755894453,67.97511579708706,-58.2048220411926
United States,2006,,10.501046915765334,,0.16666666666666666,89.49895308423467,10.501046915765334,68.45611116520357,-57.95506424943823
United States,2007,,9.124937328979557,,0.16666666666666666,90.87506267102044,9.124937328979557,68.93710653332009,-59.812169204340535
United States,2008,,11.31054760105913,,0.16666666666666666,88.68945239894087,11.31054760105913,69.41810190143661,-58.10755430037749
United States,2009,,15.265791754740523,,0.16666666666666666,84.73420824525948,15.265791754740523,69.89909726955312,-54.633305514812605
United States,2010,,13.284431761815194,,0.16666666666666666,86.7155682381848,13.284431761815194,70.38009263766965,-57.095660875854456
United States,2011,,15.104933831707863,,0.16666666666666666,84.89506616829213,15.104933831707863,70.86108800578617,-55.75615417407831
United States,2012,,18.105062459866982,,0.16666666666666666,81.89493754013301,18.105062459866982,71.34208337390268,-53.237020914035696
United States,2013,,15.26602209019067,,0.16666666666666666,84.73397790980933,15.26602209019067,71.82307874201919,-56.55705665182852
United States,2014,,14.780442714505662,,0.16666666666666666,85.21955728549433,14.780442714505662,72.30407411013572,-57.523631395630055
United States,2015,74.2018399278844,56.62147949635098,0.9,1.0,56.734169904213914,41.126555424139696,72.78506947825224,-31.658514054112544
United States,2016,75.55090703823006,57.34141857106641,0.9,1.0,56.77054271292575,42.617986243759056,73.26606484636875,-30.648078602609694
United States,2017,76.33997684786074,58.08336084423858,0.9,1.0,56.56779351089239,42.617925661948874,73.74706021448527,-31.1291345525364
United States,2018,77.43562408010945,58.25187667181146,0.9,1.0,56.85764666332625,41.451476696186326,74.2280555826018,-32.77657888641547
United States,2019,77.76034375356706,59.154573937773996,0.9,1.0,56.35738080641794,42.52298834102976,74.70905095071831,-32.18606260968855
United States,2020,68.49927335078506,62.31972319143023,0.9,1.0,50.80424766733063,46.39165288841823,75.19004631883482,-28.79839343041659
United States,2021,71.92486067727798,55.548559064015855,0.9,0.8333333333333334,56.543467316966975,39.26658314368026,75.67104168695134,-36.40445854327108
United States,2022,74.94457721137026,57.72714069721153,0.9,0.8333333333333334,56.2860690398896,64.65960461222912,76.15203705506786,-11.492432442838748
United States,2023,77.96360976094982,52.74445770928228,0.8,0.6666666666666666,60.69771542814096,64.08372523530673,76.63303242318437,-12.549307187877645
United States,2024,80.18390703295589,36.04458471626235,0.3,0.3333333333333333,71.61141719981042,50.73941904280572,77.1140277913009,-26.374608748495177
United States,2025,71.86109112743698,,0.2,,71.86109112743698,,,
