economy,year,dpi_score,yoy_change,yoy_pct_change,trend_slope
Argentina,2014,1.151448400798598,,,2.3289872186443006
Argentina,2015,1.511302890704799,0.35985448990620106,31.2523331185853,2.3289872186443006
Argentina,2016,1.8852578897810695,0.3739549990762705,24.743881678270057,2.3289872186443006
Argentina,2017,2.241213536929512,0.35595564714844263,18.881005568409474,2.3289872186443006
Argentina,2018,2.8173587741444472,0.5761452372149352,25.70684264223482,2.3289872186443006
Argentina,2019,1.8302761467669604,-0.9870826273774869,-35.035744699474286,2.3289872186443006
Argentina,2020,35.7492210399713,33.91894489320434,1853.2146066111118,2.3289872186443006
Argentina,2021,1.3059315336767645,-34.44328950629454,-96.3469650647308,2.3289872186443006
Argentina,2022,28.64029535064135,27.334363816964583,2093.093176179495,2.3289872186443006
Argentina,2023,2.0495267839868734,-26.590768566654475,-92.84390485888974,2.3289872186443006
Argentina,2024,1.6361969940238883,-0.4133297899629851,-20.167084089476937,2.3289872186443006
Argentina,2025,46.827479591943586,45.191282597919695,2761.9707628713504,2.3289872186443006
Australia,2014,36.45462523046806,,,3.039572040073273
Australia,2015,30.866983372181583,-5.587641858286478,-15.327662328061562,3.039572040073273
Australia,2016,33.29605557423643,2.4290722020548507,7.869483625160521,3.039572040073273
Australia,2017,36.11144876998973,2.8153931957532947,8.455635801892907,3.039572040073273
Australia,2018,35.45178518827562,-0.6596635817141063,-1.8267436067597405,3.039572040073273
Australia,2019,34.947180366792054,-0.5046048214835679,-1.4233551817030852,3.039572040073273
Australia,2020,48.94179390679621,13.994613540004153,40.04504338582431,3.039572040073273
Australia,2021,25.537648100428342,-23.404145806367865,-47.82036770237369,3.039572040073273
Australia,2022,48.216577912237554,22.678929811809212,88.8058670188537,3.039572040073273
Australia,2023,38.58106324174737,-9.635514670490181,-19.983821099930548,3.039572040073273
Australia,2024,40.9766356643535,2.3955724226061292,6.209192337690566,3.039572040073273
Australia,2025,99.77806442784339,58.80142876348989,143.49989404972692,3.039572040073273
Austria,2014,29.288981983688796,,,4.242106784136011
Austria,2015,25.45462192880359,-3.834360054885206,-13.091476026789127,4.242106784136011
Austria,2016,27.25070354164558,1.7960816128419914,7.056013708887996,4.242106784136011
Austria,2017,31.841095691905792,4.590392150260211,16.845040874797952,4.242106784136011
Austria,2018,34.510173669409326,2.669077977503534,8.382494130633923,4.242106784136011
Austria,2019,38.54338119918017,4.033207529770841,11.687010237638926,4.242106784136011
Austria,2020,65.88255824236576,27.339177043185593,70.93092560277796,4.242106784136011
Austria,2021,35.734913960622116,-30.147644281743645,-45.75967461803451,4.242106784136011
Austria,2022,64.34245592375322,28.607541963131105,80.05487852763554,4.242106784136011
Austria,2023,43.96464814135306,-20.37780778240016,-31.670857895987325,4.242106784136011
Austria,2024,51.02237937584533,7.057731234492273,16.05319622211143,4.242106784136011
Austria,2025,90.43579216237069,39.413412786525356,77.24730455276296,4.242106784136011
Bangladesh,2014,,,,7.009736326923305
Bangladesh,2015,,,,7.009736326923305
Bangladesh,2016,,,,7.009736326923305
Bangladesh,2017,,,,7.009736326923305
Bangladesh,2018,,,,7.009736326923305
Bangladesh,2019,,,,7.009736326923305
Bangladesh,2020,22.2736325151892,,,7.009736326923305
Bangladesh,2021,0.12281250952935,-22.15082000565985,-99.44861930605347,7.009736326923305
Bangladesh,2022,40.552021002748944,40.42920849321959,32919.454742969596,7.009736326923305
Bangladesh,2023,0.0008641372546235002,-40.55115686549432,-99.99786906488688,7.009736326923305
Bangladesh,2024,0.22760739768937457,0.22674326043475107,26239.26456376908,7.009736326923305
Bangladesh,2025,79.389141243836,79.16153384614663,34779.859815532756,7.009736326923305
Belgium,2014,37.09595645011129,,,3.059646838049034
Belgium,2015,31.786312623649458,-5.30964382646183,-14.313268438306842,3.059646838049034
Belgium,2016,32.71793225793007,0.9316196342806151,2.930883003986682,3.059646838049034
Belgium,2017,31.624308763104146,-1.093623494825927,-3.342581328808937,3.059646838049034
Belgium,2018,36.237437235214344,4.613128472110198,14.587286339337483,3.059646838049034
Belgium,2019,35.34475564344161,-0.8926815917727353,-2.4634236300387626,3.059646838049034
Belgium,2020,54.59008923047688,19.24533358703527,54.450322931023955,3.059646838049034
Belgium,2021,45.36027583283925,-9.229813397637628,-16.907489120726247,3.059646838049034
Belgium,2022,53.23315700156819,7.872881168728938,17.356334422969375,3.059646838049034
Belgium,2023,54.69615534483117,1.4629983432629814,2.7482840125748753,3.059646838049034
Belgium,2024,56.44293187749659,1.7467765326654217,3.1936002112998483,3.059646838049034
Belgium,2025,68.42720828800655,11.984276410509963,21.232554744889168,3.059646838049034
Brazil,2014,6.573863034762601,,,5.566876488642301
Brazil,2015,4.8037152033225405,-1.7701478314400605,-26.927056771330875,5.566876488642301
Brazil,2016,7.949510401304887,3.1457951979823466,65.48671319662174,5.566876488642301
Brazil,2017,6.335101545695846,-1.6144088556090415,-20.30828031049612,5.566876488642301
Brazil,2018,8.563908957590044,2.2288074118941985,35.181873499857005,5.566876488642301
Brazil,2019,8.280621736777363,-0.28328722081268154,-3.307919575226322,5.566876488642301
Brazil,2020,53.48107864944381,45.200456912666446,545.8582501349407,5.566876488642301
Brazil,2021,11.293243026262191,-42.18783562318162,-78.88366631442345,5.566876488642301
Brazil,2022,63.796547849628205,52.503304823366015,464.9090141890219,5.566876488642301
Brazil,2023,18.814441812749997,-44.98210603687821,-70.5086835464881,5.566876488642301
Brazil,2024,21.213599493947065,2.3991576811970674,12.751681421509026,5.566876488642301
Brazil,2025,100.00000000000004,78.78640050605298,371.39571965867145,5.566876488642301
Canada,2014,38.461068192063735,,,3.0674274849780123
Canada,2015,34.54910063338424,-3.9119675586794926,-10.171240016382876,3.0674274849780123
Canada,2016,34.49581953776738,-0.05328109561686034,-0.1542184735349541,3.0674274849780123
Canada,2017,39.7762972093106,5.280477671543217,15.307587244773071,3.0674274849780123
Canada,2018,42.29389659098416,2.5175993816735627,6.329396043139626,3.0674274849780123
Canada,2019,42.62862960364428,0.33473301266011646,0.7914451957388855,3.0674274849780123
Canada,2020,60.48770338781748,17.859073784173205,41.894552910156065,3.0674274849780123
Canada,2021,39.22956585521181,-21.258137532605673,-35.14456053374836,3.0674274849780123
Canada,2022,47.88268671040836,8.653120855196548,22.05765133148152,3.0674274849780123
Canada,2023,50.54960745875363,2.6669207483452695,5.569697382426862,3.0674274849780123
Canada,2024,47.79887565017667,-2.7507318085769583,-5.441648208290125,3.0674274849780123
Canada,2025,92.6848628305475,44.88598718037083,93.90594772328066,3.0674274849780123
Chile,2014,0.6429607399958402,,,3.3949584904590293
Chile,2015,5.180684461966605,4.537723721970765,705.7544014273907,3.3949584904590293
Chile,2016,5.348177663764858,0.1674932017982531,3.2330322957880386,3.3949584904590293
Chile,2017,0.28167713539300654,-5.066500528371852,-94.73321282309983,3.3949584904590293
Chile,2018,5.706158525973859,5.424481390580853,1925.779805667369,3.3949584904590293
Chile,2019,5.426202283046949,-0.27995624292691,-4.906212150478774,3.3949584904590293
Chile,2020,43.363661919352054,37.93745963630511,699.153066129379,3.3949584904590293
Chile,2021,1.6229526744598304,-41.74070924489222,-96.25734404654706,3.3949584904590293
Chile,2022,29.940541096959812,28.31758842249998,1744.8191107559537,3.3949584904590293
Chile,2023,1.3151880398515494,-28.625353057108263,-95.60733376329964,3.3949584904590293
Chile,2024,1.567100541807365,0.2519125019558155,19.154105293129785,3.3949584904590293
Chile,2025,78.61833792458798,77.05123738278061,4916.802421235593,3.3949584904590293
China,1970,90.66197483982248,,,-1.2060087864331948
China,1971,90.62507294842821,-0.03690189139426536,-0.04070272179649955,-1.2060087864331948
China,1972,89.9760130483611,-0.6490599000671153,-0.7162034511536054,-1.2060087864331948
China,1973,89.54948192062605,-0.4265311277350463,-0.474049819817856,-1.2060087864331948
China,1974,89.36119341566017,-0.18828850496588245,-0.21026197017284332,-1.2060087864331948
China,1975,87.7367941559899,-1.6243992596702697,-1.817790472106207,-1.2060087864331948
China,1976,87.22146563796278,-0.5153285180271183,-0.5873573601411742,-1.2060087864331948
China,1977,85.58089367390366,-1.64057196405912,-1.8809268476051244,-1.2060087864331948
China,1978,83.6935060030016,-1.8873876709020578,-2.2053843911629802,-1.2060087864331948
China,1979,83.28650181508947,-0.4070041879121362,-0.4863031880843172,-1.2060087864331948
China,1980,83.65278664876342,0.3662848336739586,0.4397889522208228,-1.2060087864331948
China,1981,83.80421687406684,0.15143022530341455,0.18102233215401559,-1.2060087864331948
China,1982,83.05074759223129,-0.7534692818355495,-0.8990827788150481,-1.2060087864331948
China,1983,82.1413620050484,-0.9093855871828822,-1.0949757991919,-1.2060087864331948
China,1984,80.50024070788957,-1.6411212971588327,-1.9979231620945965,-1.2060087864331948
China,1985,80.2864217995852,-0.21381890830437555,-0.26561275646399385,-1.2060087864331948
China,1986,79.03897492590168,-1.247446873683515,-1.5537457588998689,-1.2060087864331948
China,1987,77.55239855328334,-1.4865763726183445,-1.8808143374986788,-1.2060087864331948
China,1988,75.83234029488375,-1.7200582583995896,-2.2179304450755346,-1.2060087864331948
China,1989,74.98991066758447,-0.842429627299282,-1.1109107592135317,-1.2060087864331948
China,1990,74.5372658121746,-0.4526448554098721,-0.6036076738594311,-1.2060087864331948
China,1991,73.07882624960922,-1.458439562565374,-1.9566582523170026,-1.2060087864331948
China,1992,71.79563437666772,-1.2831918729415008,-1.7559010438380742,-1.2060087864331948
China,1993,69.4308247075236,-2.3648096691441225,-3.2938070534169452,-1.2060087864331948
China,1994,44.65314447045791,-24.777680237065688,-35.68685859838382,-1.2060087864331948
China,1995,64.32772590265071,19.674581432192802,44.06090918235179,-1.2060087864331948
China,1996,64.60153851285263,0.27381261020191516,0.4256525570580327,-1.2060087864331948
China,1997,63.5600576163337,-1.0414808965189266,-1.6121611350041167,-1.2060087864331948
China,1998,62.65108059775712,-0.9089770185765786,-1.4301072916947595,-1.2060087864331948
China,1999,63.447913624850294,0.7968330270931716,1.2718583933278524,-1.2060087864331948
China,2000,61.30078124094864,-2.1471323839016563,-3.3840866645309213,-1.2060087864331948
China,2001,59.399641227949786,-1.9011400129988516,-3.101330806089138,-1.2060087864331948
China,2002,56.094653194884195,-3.304988033065591,-5.5639865237274675,-1.2060087864331948
China,2003,49.22710367002959,-6.867549524854603,-12.242788097816282,-1.2060087864331948
China,2004,41.46769473792619,-7.759408932103405,-15.762473015099369,-1.2060087864331948
China,2005,6.706743400606073,-34.760951337320115,-83.8265824927275,-1.2060087864331948
China,2006,26.160210654064638,19.453467253458566,290.05832028254724,-1.2060087864331948
China,2007,19.731581534776858,-6.4286291192877805,-24.574072450326135,-1.2060087864331948
China,2008,17.26132562711913,-2.4702559076577266,-12.519300104271455,-1.2060087864331948
China,2009,11.17808372447957,-6.0832419026395605,-35.24203200872491,-1.2060087864331948
China,2010,0.5470623197570191,-10.631021404722551,-95.10593825166139,-1.2060087864331948
China,2011,,,,-1.2060087864331948
China,2012,,,,-1.2060087864331948
China,2013,,,,-1.2060087864331948
China,2014,61.12312847083667,,,-1.2060087864331948
China,2015,34.81726078242256,-26.30586768841411,-43.03750208231779,-1.2060087864331948
China,2016,35.32216734102443,0.5049065586018742,1.4501616360836045,-1.2060087864331948
China,2017,38.49894785488262,3.1767805138581906,8.993730433320732,-1.2060087864331948
China,2018,41.29318079631307,2.794232941430444,7.257946248201341,-1.2060087864331948
China,2019,40.736243303389585,-0.5569374929234812,-1.3487396276656127,-1.2060087864331948
China,2020,44.74268150278704,4.006438199397458,9.835070380837228,-1.2060087864331948
China,2021,48.872988507025504,4.13030700423846,9.231246017253529,-1.2060087864331948
China,2022,42.617314750168475,-6.255673756857028,-12.799859284147876,-1.2060087864331948
China,2023,44.05073176624153,1.433417016073058,3.3634615988267806,-1.2060087864331948
China,2024,48.9308020966091,4.880070330367566,11.078295716547958,-1.2060087864331948
China,2025,38.50760921563349,-10.423192880975613,-21.301904800980033,-1.2060087864331948
Colombia,2014,1.077914806217165,,,3.4579015822621453
Colombia,2015,0.20553291952402286,-0.8723818866931422,-80.93235955767967,3.4579015822621453
Colombia,2016,1.0425730559331698,0.837040136409147,407.2535622748807,3.4579015822621453
Colombia,2017,1.0604413757805906,0.017868319847420766,1.7138674115673813,3.4579015822621453
Colombia,2018,1.3406911830102117,0.2802498072296211,26.427656788035954,3.4579015822621453
Colombia,2019,1.6555573695616859,0.31486618655147414,23.485362665286946,3.4579015822621453
Colombia,2020,41.61932723191523,39.963769862353544,2413.916340025962,3.4579015822621453
Colombia,2021,1.9703614717907614,-39.64896576012447,-95.2657536706172,3.4579015822621453
Colombia,2022,42.60630356733724,40.63594209554648,2062.3597587205427,3.4579015822621453
Colombia,2023,3.0788366819252464,-39.527466885412,-92.7737531206872,3.4579015822621453
Colombia,2024,3.469187734774896,0.39035105284964944,12.678524169250723,3.4579015822621453
Colombia,2025,64.32800772633453,60.858819991559635,1754.2671266105049,3.4579015822621453
Czech Republic,2014,5.6555800953261555,,,3.7964833638678064
Czech Republic,2015,5.396562199259889,-0.2590178960662666,-4.579864341065956,3.7964833638678064
Czech Republic,2016,5.978564897264199,0.5820026980043105,10.784693597789518,3.7964833638678064
Czech Republic,2017,8.441487785788832,2.4629228885246324,41.19588782337497,3.7964833638678064
Czech Republic,2018,9.262012110354018,0.8205243245651861,9.72013874078609,3.7964833638678064
Czech Republic,2019,7.729916794349367,-1.5320953160046509,-16.541711431060634,3.7964833638678064
Czech Republic,2020,27.790520449500015,20.060603655150647,259.5190115088317,3.7964833638678064
Czech Republic,2021,10.714015058227774,-17.076505391272242,-61.44723134028053,3.7964833638678064
Czech Republic,2022,39.62874500194406,28.91472994371629,269.8776302494681,3.7964833638678064
Czech Republic,2023,13.054472219087382,-26.57427278285668,-67.05807307688657,3.7964833638678064
Czech Republic,2024,14.487175244712923,1.4327030256255409,10.974806193472439,3.7964833638678064
Czech Republic,2025,76.02780507939926,61.540629834686335,424.79385246026834,3.7964833638678064
Denmark,2014,13.66725180531602,,,4.449382441482982
Denmark,2015,13.879792602113879,0.21254079679785853,1.5551099798658028,4.449382441482982
Denmark,2016,14.363704712917118,0.4839121108032387,3.4864505880984082,4.449382441482982
Denmark,2017,15.772989155637246,1.4092844427201285,9.811427280684592,4.449382441482982
Denmark,2018,17.667942022384597,1.8949528667473512,12.01391092106405,4.449382441482982
Denmark,2019,18.182750219155903,0.5148081967713054,2.9137983140258403,4.449382441482982
Denmark,2020,62.12360483282183,43.940854613665934,241.66231226876414,4.449382441482982
Denmark,2021,23.20254300479731,-38.92106182802452,-62.65100348372139,4.449382441482982
Denmark,2022,58.528272341204236,35.32572933640692,152.249386324176,4.449382441482982
Denmark,2023,22.545095780462827,-35.98317656074141,-61.47999098789227,4.449382441482982
Denmark,2024,25.220103123415548,2.6750073429527212,11.865140733936622,4.449382441482982
Denmark,2025,89.9281402244845,64.70803710106895,256.5732454955385,4.449382441482982
Egypt,2014,3.5801450910794235,,,3.8687387585795725
Egypt,2015,2.912949293317669,-0.6671957977617544,-18.635998843292494,3.8687387585795725
Egypt,2016,2.5380343676330086,-0.37491492568466045,-12.870630001858204,3.8687387585795725
Egypt,2017,2.6092993952047876,0.071265027571779,2.807882685932316,3.8687387585795725
Egypt,2018,3.0297603903095416,0.420460995104754,16.11394215157723,3.8687387585795725
Egypt,2019,2.9698416510954155,-0.05991873921412605,-1.977672538256543,3.8687387585795725
Egypt,2020,17.52752345228646,14.557681801191045,490.1837711051529,3.8687387585795725
Egypt,2021,3.932363549011422,-13.595159903275038,-77.56463678558966,3.8687387585795725
Egypt,2022,33.44252305988449,29.51015951087307,750.443318453905,3.8687387585795725
Egypt,2023,6.135682372884191,-27.306840687000303,-81.65305182896275,3.8687387585795725
Egypt,2024,4.643332140808998,-1.492350232075193,-24.32248185907456,3.8687387585795725
Egypt,2025,84.87748088097808,80.23414874016909,1727.9433455774727,3.8687387585795725
Finland,2014,7.989003121895735,,,2.98608423797481
Finland,2015,7.210047375328292,-0.7789557465674424,-9.750349758063452,2.98608423797481
Finland,2016,10.027791955240996,2.817744579912704,39.08080534331308,2.98608423797481
Finland,2017,8.657832176091997,-1.3699597791489992,-13.661629452064904,2.98608423797481
Finland,2018,9.24439703929535,0.5865648632033533,6.774962268535437,2.98608423797481
Finland,2019,9.378702116166405,0.13430507687105475,1.4528267911921282,2.98608423797481
Finland,2020,50.38836125761259,41.00965914144618,437.2636920705303,2.98608423797481
Finland,2021,7.1302947148152205,-43.258066542797366,-85.84932207189415,2.98608423797481
Finland,2022,39.23140515312382,32.1011104383086,450.20734376672243,2.98608423797481
Finland,2023,8.980733637576197,-30.250671515547626,-77.1083049344688,2.98608423797481
Finland,2024,10.03388557135336,1.0531519337771638,11.726791777574624,2.98608423797481
Finland,2025,66.9344339825372,56.90054841118384,567.0838879569677,2.98608423797481
France,2014,52.21533780013828,,,3.4334397826039593
France,2015,62.555523803632965,10.340186003494686,19.80296678932393,3.4334397826039593
France,2016,59.941914333404824,-2.613609470228141,-4.178063440780195,3.4334397826039593
France,2017,69.26832529253403,9.326410959129205,15.55908092500096,3.4334397826039593
France,2018,68.70486534509057,-0.5634599474434623,-0.813445315826329,3.4334397826039593
France,2019,66.34691710733537,-2.3579482377551955,-3.4319960106343284,3.4334397826039593
France,2020,81.86704685132314,15.520129743987766,23.392390212915934,3.4334397826039593
France,2021,89.72874704677876,7.861700195455626,9.603009388787505,3.4334397826039593
France,2022,94.12686249259387,4.398115445815108,4.901567881609018,3.4334397826039593
France,2023,100.00000000000004,5.87313750740617,6.239597657755015,3.4334397826039593
France,2024,100.00000000000004,0.0,0.0,3.4334397826039593
France,2025,66.91283157667387,-33.087168423326176,-33.08716842332616,3.4334397826039593
Germany,2014,97.4073175348866,,,-2.1943824907606095
Germany,2015,95.18330195140749,-2.2240155834791153,-2.2832120211939726,-2.1943824907606095
Germany,2016,95.63073038844573,0.44742843703824065,0.4700703042080423,-2.1943824907606095
Germany,2017,97.18381575238453,1.5530853639388056,1.62404423518494,-2.1943824907606095
Germany,2018,97.9041756879783,0.7203599355937627,0.7412344638012299,-2.1943824907606095
Germany,2019,97.83039654835822,-0.07377913962007199,-0.07535852184201716,-2.1943824907606095
Germany,2020,83.47335657164695,-14.357039976711278,-14.67543880353638,-2.1943824907606095
Germany,2021,89.85176424350247,6.378407671855527,7.641249775766242,-2.1943824907606095
Germany,2022,71.1241664243312,-18.72759781917128,-20.84277139892169,-2.1943824907606095
Germany,2023,95.96239201611665,24.83822559178546,34.92234333348677,-2.1943824907606095
Germany,2024,97.51599916646254,1.5536071503458828,1.6189750148005462,-2.1943824907606095
Germany,2025,53.580337740675354,-43.93566142578718,-45.054823620058265,-2.1943824907606095
Greece,2014,6.482328056603782,,,4.290352754554197
Greece,2015,5.322410287117524,-1.159917769486258,-17.893537003339528,4.290352754554197
Greece,2016,5.376234374609872,0.05382408749234813,1.0112727991418682,4.290352754554197
Greece,2017,6.37337295102631,0.9971385764164378,18.54715600059373,4.290352754554197
Greece,2018,7.0970831574009345,0.7237102063746246,11.355215078980823,4.290352754554197
Greece,2019,7.811677734352736,0.7145945769518018,10.068848865137122,4.290352754554197
Greece,2020,41.75878126057501,33.94710352622228,434.56866348871574,4.290352754554197
Greece,2021,12.649106802230394,-29.10967445834462,-69.70910926901841,4.290352754554197
Greece,2022,51.54610130229735,38.89699450006696,307.50783520310165,4.290352754554197
Greece,2023,12.110559688046273,-39.43554161425108,-76.50538181923272,4.290352754554197
Greece,2024,14.404989919943931,2.2944302318976586,18.945699381362,4.290352754554197
Greece,2025,81.18147148350741,66.77648156356348,463.5649308654524,4.290352754554197
India,1970,98.15905002636022,,,-1.3432273119601128
India,1971,98.15375392575666,-0.005296100603558784,-0.005395427728911942,-1.3432273119601128
India,1972,98.06684755756308,-0.08690636819358133,-0.08854105392577971,-1.3432273119601128
India,1973,98.08125254438471,0.014404986821631383,0.0146889465506434,-1.3432273119601128
India,1974,97.91162876275786,-0.16962378162685354,-0.1729421038440488,-1.3432273119601128
India,1975,97.74752517090819,-0.16410359184966694,-0.1676037810046994,-1.3432273119601128
India,1976,97.56102195005275,-0.18650322085544246,-0.19080096455572454,-1.3432273119601128
India,1977,97.50635090728379,-0.054671042768958955,-0.05603779222090179,-1.3432273119601128
India,1978,97.56492464814882,0.05857374086502887,0.06007171873422388,-1.3432273119601128
India,1979,97.34969353618817,-0.21523111196064804,-0.2206029602716777,-1.3432273119601128
India,1980,97.18503355965403,-0.16465997653413922,-0.16914277852649792,-1.3432273119601128
India,1981,96.85871534084758,-0.32631821880644907,-0.3357700325391653,-1.3432273119601128
India,1982,96.66648634655687,-0.1922289942907156,-0.1984632912115944,-1.3432273119601128
India,1983,96.42298658082701,-0.243499765729851,-0.2518967792590344,-1.3432273119601128
India,1984,96.0124122349527,-0.4105743458743092,-0.4258054644782687,-1.3432273119601128
India,1985,95.81337279355024,-0.1990394414024621,-0.20730594802200278,-1.3432273119601128
India,1986,95.41436812582215,-0.39900466772809295,-0.4164394343865038,-1.3432273119601128
India,1987,95.06203954780177,-0.3523285780203764,-0.36926155351756207,-1.3432273119601128
India,1988,94.73086548433521,-0.33117406346656253,-0.3483767706246532,-1.3432273119601128
India,1989,94.32499745043363,-0.40586803390158366,-0.42844328701789214,-1.3432273119601128
India,1990,93.99706041045518,-0.32793703997845114,-0.3476671601828319,-1.3432273119601128
India,1991,93.50670886405031,-0.49035154640486667,-0.5216668949684787,-1.3432273119601128
India,1992,93.25695936221861,-0.24974950183170108,-0.26709260208784874,-1.3432273119601128
India,1993,92.93408617196582,-0.3228731902527926,-0.3462188693057463,-1.3432273119601128
India,1994,81.91648115464638,-11.01760501731944,-11.855289561821692,-1.3432273119601128
India,1995,91.89652143093481,9.980040276288435,12.18318967760294,-1.3432273119601128
India,1996,91.49904985411949,-0.3974715768153203,-0.43252080778056606,-1.3432273119601128
India,1997,91.02486435907709,-0.4741854950424056,-0.5182408951769641,-1.3432273119601128
India,1998,90.77899267988957,-0.24587167918751618,-0.2701148536927181,-1.3432273119601128
India,1999,90.12447906522956,-0.6545136146600044,-0.7209967805745436,-1.3432273119601128
India,2000,78.18274166717083,-11.941737398058734,-13.250270650014675,-1.3432273119601128
India,2001,89.5729188991944,11.390177232023575,14.568659257962995,-1.3432273119601128
India,2002,89.16425185631864,-0.40866704287576283,-0.4562395062012859,-1.3432273119601128
India,2003,88.82165087989927,-0.3426009764193765,-0.38423579998344143,-1.3432273119601128
India,2004,87.90914866299714,-0.9125022169021264,-1.0273421039381174,-1.3432273119601128
India,2005,87.3761832090117,-0.5329654539854403,-0.6062684738633772,-1.3432273119601128
India,2006,86.49684769898992,-0.8793355100217752,-1.0063789441549826,-1.3432273119601128
India,2007,85.25660716121575,-1.24024053777417,-1.4338563436325704,-1.3432273119601128
India,2008,84.13527404240833,-1.1213331188074278,-1.3152448310393656,-1.3432273119601128
India,2009,83.04715705428379,-1.0881169881245398,-1.2932946383179011,-1.3432273119601128
India,2010,71.46946341484261,-11.57769363944118,-13.941107739393676,-1.3432273119601128
India,2011,80.63866732927598,9.169203914433368,12.829540724562275,-1.3432273119601128
India,2012,78.81839664598364,-1.8202706832923354,-2.257317418031639,-1.3432273119601128
India,2013,78.20316189895489,-0.6152347470287509,-0.7805725226714587,-1.3432273119601128
India,2014,14.885323838645466,-63.31783806030943,-80.96582864785114,-1.3432273119601128
India,2015,17.942513113258467,3.057189274613002,20.538278560496536,-1.3432273119601128
India,2016,19.006625083386353,1.064111970127886,5.930674055584608,-1.3432273119601128
India,2017,18.4225723952232,-0.5840526881631547,-3.0728900349261576,-1.3432273119601128
India,2018,19.681310162997804,1.2587377677746048,6.8325841840685815,-1.3432273119601128
India,2019,21.37133626361274,1.6900261006149364,8.586959336641623,-1.3432273119601128
India,2020,17.116589728426764,-4.254746535185976,-19.90865934962706,-1.3432273119601128
India,2021,27.01753912973575,9.900949401308985,57.84417082139767,-1.3432273119601128
India,2022,36.23003727087276,9.212498141137008,34.098213375020705,-1.3432273119601128
India,2023,31.5436211267832,-4.686416144089556,-12.935167880319057,-1.3432273119601128
India,2024,29.126920582786102,-2.4167005439970985,-7.661455653057903,-1.3432273119601128
India,2025,77.75836171036535,48.63144112757925,166.96389509957413,-1.3432273119601128
Indonesia,2014,3.8821142347697264,,,3.380961312181264
Indonesia,2015,3.5021002412597255,-0.38001399351000087,-9.78884109350641,3.380961312181264
Indonesia,2016,2.9980593026434024,-0.5040409386163232,-14.392533162757692,3.380961312181264
Indonesia,2017,3.630269127213617,0.6322098245702148,21.087302176204208,3.380961312181264
Indonesia,2018,4.056926682490448,0.4266575552768308,11.752780312579974,3.380961312181264
Indonesia,2019,4.3290464663657655,0.27211978387531754,6.707535165714897,3.380961312181264
Indonesia,2020,22.08288956625303,17.753843099887263,410.1097837092891,3.380961312181264
Indonesia,2021,2.4238041399417956,-19.659085426311236,-89.02406257718265,3.380961312181264
Indonesia,2022,39.54683762789109,37.12303348794929,1531.6020331923664,3.380961312181264
Indonesia,2023,5.539351725152523,-34.007485902738566,-85.99293380352164,3.380961312181264
Indonesia,2024,6.806367592694708,1.2670158675421854,22.87299905129781,3.380961312181264
Indonesia,2025,69.97212916092765,63.165761568232945,928.0392324979468,3.380961312181264
Iraq,2014,0.7829546913104866,,,0.2473029883788315
Iraq,2015,0.2053651649338981,-0.5775895263765884,-73.77049180327869,0.2473029883788315
Iraq,2016,0.3337183930175844,0.1283532280836863,62.5,0.2473029883788315
Iraq,2017,0.4620716211012707,0.12835322808368632,38.46153846153847,0.2473029883788315
Iraq,2018,0.5262482351431138,0.0641766140418431,13.888888888888879,0.2473029883788315
Iraq,2019,0.03165572286066853,-0.4945925122824453,-93.9846405656715,0.2473029883788315
Iraq,2020,0.1112394643391948,0.07958374147852626,251.4039620223209,0.2473029883788315
Iraq,2021,0.9113079193941728,0.8000684550549779,719.2307692307693,0.2473029883788315
Iraq,2022,0.1785662176946997,-0.7327417016994731,-80.405501379445,0.2473029883788315
Iraq,2023,0.43243220238264424,0.2538659846879445,142.169100048917,0.2473029883788315
Iraq,2024,0.530337603584821,0.09790540120217672,22.640636072598415,0.2473029883788315
Iraq,2025,6.900742899104415,6.3704052955195944,1201.19811464599,0.2473029883788315
Ireland,2014,13.512824419148304,,,4.032815260242364
Ireland,2015,14.684380496504785,1.171556077356481,8.669957079412143,4.032815260242364
Ireland,2016,17.749759103089566,3.0653786065847815,20.875096551157952,4.032815260242364
Ireland,2017,18.420788606859432,0.6710295037698657,3.7804992162009943,4.032815260242364
Ireland,2018,21.638928041787462,3.2181394349280303,17.470150185262305,4.032815260242364
Ireland,2019,24.556423656920906,2.9174956151334435,13.482625430887317,4.032815260242364
Ireland,2020,31.910421422419734,7.353997765498828,29.947348474850898,4.032815260242364
Ireland,2021,34.17274645103393,2.262325028614196,7.089611881542636,4.032815260242364
Ireland,2022,18.679410072268382,-15.493336378765548,-45.33828266032384,4.032815260242364
Ireland,2023,35.95744783079666,17.278037758528278,92.49776995998073,4.032815260242364
Ireland,2024,38.42948019405434,2.472032363257682,6.874882708278444,4.032815260242364
Ireland,2025,83.14708675888721,44.71760656483287,116.3627671751631,4.032815260242364
Israel,2014,6.410243202202029,,,1.3169133900453571
Israel,2015,5.385839794286961,-1.0244034079150675,-15.980726091065739,1.3169133900453571
Israel,2016,5.5270503033909915,0.1412105091040301,2.6218846920366885,1.3169133900453571
Israel,2017,6.198452406679696,0.6714021032887043,12.147566358800486,1.3169133900453571
Israel,2018,7.3661254966503265,1.1676730899706307,18.838139157320953,1.3169133900453571
Israel,2019,7.3965178808251455,0.030392384174819043,0.4125966111850753,1.3169133900453571
Israel,2020,39.731313718416054,32.33479583759091,437.16241018515166,1.3169133900453571
Israel,2021,7.203170200856731,-32.52814351755932,-81.87029441838477,1.3169133900453571
Israel,2022,26.505429397796096,19.302259196939364,267.9689450437196,1.3169133900453571
Israel,2023,8.749897167922326,-17.755532229873772,-66.98828365840446,1.3169133900453571
Israel,2024,8.587028680288915,-0.16286848763341055,-1.8613760197147995,1.3169133900453571
Israel,2025,23.854405622332685,15.26737694204377,177.79580703030902,1.3169133900453571
Italy,2014,39.61984774543478,,,3.0354902333939267
Italy,2015,32.58680147048695,-7.033046274947836,-17.751320802988754,3.0354902333939267
Italy,2016,33.51607736059948,0.9292758901125353,2.8516940852699437,3.0354902333939267
Italy,2017,36.530817385032506,3.0147400244330242,8.994907106811564,3.0354902333939267
Italy,2018,45.53547401544963,9.004656630417124,24.649480288132107,3.0354902333939267
Italy,2019,43.84945064479845,-1.6860233706511778,-3.7026590962446786,3.0354902333939267
Italy,2020,57.39961429313402,13.55016364833557,30.901558512325238,3.0354902333939267
Italy,2021,41.06961069106056,-16.33000360207346,-28.449674798645486,3.0354902333939267
Italy,2022,57.654535575831275,16.584924884770714,40.382474062216225,3.0354902333939267
Italy,2023,56.57654438747954,-1.0779911883517386,-1.8697422112331288,3.0354902333939267
Italy,2024,58.34911206340678,1.7725676759272417,3.1330433753382674,3.0354902333939267
Italy,2025,73.17393661789387,14.824824554487094,25.407112516771914,3.0354902333939267
Japan,2014,18.728711308538962,,,3.5699551933706744
Japan,2015,18.338807384263657,-0.3899039242753055,-2.0818513236281078,3.5699551933706744
Japan,2016,18.295415956872652,-0.0433914273910041,-0.23660986498084843,3.5699551933706744
Japan,2017,20.260134858090197,1.9647189012175446,10.738858880546523,3.5699551933706744
Japan,2018,21.795294898584732,1.5351600404945351,7.577244925798316,3.5699551933706744
Japan,2019,21.155140960547776,-0.6401539380369563,-2.9371198738794053,3.5699551933706744
Japan,2020,55.19570777745937,34.04056681691159,160.90919403654104,3.5699551933706744
Japan,2021,23.448253371451376,-31.747454406007993,-57.517976821692116,3.5699551933706744
Japan,2022,46.69634998293078,23.248096611479408,99.14638946960689,3.5699551933706744
Japan,2023,24.208957504476665,-22.48739247845412,-48.15663855242236,3.5699551933706744
Japan,2024,25.22798141632988,1.019023911853214,4.209284566114746,3.5699551933706744
Japan,2025,86.58592133785439,61.357939921524505,243.2138303455701,3.5699551933706744
Malaysia,2014,5.911220752484399,,,3.3410657482253248
Malaysia,2015,4.1849613461184125,-1.7262594063659868,-29.20309490455868,3.3410657482253248
Malaysia,2016,4.180492726005269,-0.004468620113143196,-0.1067780498686775,3.3410657482253248
Malaysia,2017,4.669704600892138,0.4892118748868688,11.702253943504463,3.3410657482253248
Malaysia,2018,5.15844245920134,0.4887378583092019,10.466140796482705,3.3410657482253248
Malaysia,2019,4.748914621075614,-0.4095278381257259,-7.938982384018516,3.3410657482253248
Malaysia,2020,43.429416266324985,38.68050164524937,814.5124671979966,3.3410657482253248
Malaysia,2021,3.3308651758705174,-40.098551090454464,-92.33039386151441,3.3410657482253248
Malaysia,2022,36.220369594102785,32.889504418232264,987.4162621918983,3.3410657482253248
Malaysia,2023,5.624086575666313,-30.596283018436473,-84.4725864515143,3.3410657482253248
Malaysia,2024,5.959811337033269,0.33572476136695606,5.969409553891533,3.3410657482253248
Malaysia,2025,73.04893914932704,67.08912781229377,1125.6921405450064,3.3410657482253248
Mexico,2014,5.69462619316781,,,3.349839620195041
Mexico,2015,2.1438919406358283,-3.550734252531982,-62.3523675143421,3.349839620195041
Mexico,2016,2.142507601607299,-0.0013843390285295243,-0.06457130615076437,3.349839620195041
Mexico,2017,3.1554461338983937,1.0129385322910949,47.278176820992066,3.349839620195041
Mexico,2018,3.1725528189243306,0.01710668502593693,0.5421320567688629,3.349839620195041
Mexico,2019,4.230384329017031,1.0578315100927007,33.3432276929392,3.349839620195041
Mexico,2020,48.246946036685614,44.016561707668586,1040.4861186193039,3.349839620195041
Mexico,2021,4.796959084037432,-43.44998695264818,-90.05748658082948,3.349839620195041
Mexico,2022,40.86418926384682,36.067230179809386,751.8769609652968,3.349839620195041
Mexico,2023,5.405254066649624,-35.45893519719719,-86.77263842982507,3.349839620195041
Mexico,2024,5.695125982512921,0.28987191586329697,5.362780588831235,3.349839620195041
Mexico,2025,66.22374470142572,60.528618718912796,1062.8143943569992,3.349839620195041
Netherlands,2014,55.46542593994727,,,2.1752890860980965
Netherlands,2015,54.75379194792638,-0.711633992020893,-1.2830226757681136,2.1752890860980965
Netherlands,2016,54.42008711487784,-0.33370483304854304,-0.6094643332938715,2.1752890860980965
Netherlands,2017,68.82926703147794,14.409179916600102,26.477686237773028,2.1752890860980965
Netherlands,2018,78.84162637177536,10.012359340297422,14.546659832536694,2.1752890860980965
Netherlands,2019,72.75571783018817,-6.085908541587187,-7.719156518777613,2.1752890860980965
Netherlands,2020,75.04711203487746,2.291394204689283,3.1494352238230903,2.1752890860980965
Netherlands,2021,75.32228985293105,0.2751778180535922,0.3666734276539593,2.1752890860980965
Netherlands,2022,65.14110277975804,-10.181187073173007,-13.516831595337939,2.1752890860980965
Netherlands,2023,86.46941846058459,21.32831568082655,32.741717242548916,2.1752890860980965
Netherlands,2024,89.46488574460444,2.9954672840198526,3.464192702285003,2.1752890860980965
Netherlands,2025,65.6558760894411,-23.80900965516335,-26.612686594303568,2.1752890860980965
New Zealand,2014,4.198376546573543,,,4.251342306144637
New Zealand,2015,4.3491689507272255,0.1507924041536821,3.5916836539292696,4.251342306144637
New Zealand,2016,4.282380848474138,-0.06678810225308762,-1.5356520523747408,4.251342306144637
New Zealand,2017,4.640469750206446,0.3580889017323079,8.36191161885798,4.251342306144637
New Zealand,2018,5.894276113876927,1.2538063636704813,27.01895349311784,4.251342306144637
New Zealand,2019,5.007670850915896,-0.886605262961031,-15.041800652563447,4.251342306144637
New Zealand,2020,48.38548132143454,43.37781047051865,866.2272693618613,4.251342306144637
New Zealand,2021,3.267037596845788,-45.11844372458875,-93.24789687397714,4.251342306144637
New Zealand,2022,39.918999695605095,36.651962098759306,1121.8714511931394,4.251342306144637
New Zealand,2023,18.82694300474354,-21.092056690861554,-52.83713733233575,4.251342306144637
New Zealand,2024,13.487090005190215,-5.339852999553326,-28.362825543201165,4.251342306144637
New Zealand,2025,78.73855203083589,65.25146202564568,483.8068256424111,4.251342306144637
Nigeria,2014,0.9484489213387147,,,-0.0005579557172696606
Nigeria,2015,0.8637075715485544,-0.08474134979016035,-8.934729945240468,-0.0005579557172696606
Nigeria,2016,0.7339082458111869,-0.12979932573736752,-15.028156521153143,-0.0005579557172696606
Nigeria,2017,0.6884034405299989,-0.04550480528118794,-6.2003398300684855,-0.0005579557172696606
Nigeria,2018,0.6537004630616473,-0.0347029774683516,-5.04108135218411,-0.0005579557172696606
Nigeria,2019,0.7255063836123763,0.07180592055072899,10.984529552636605,-0.0005579557172696606
Nigeria,2020,0.226750264899349,-0.4987561187130273,-68.7459311149911,-0.0005579557172696606
Nigeria,2021,0.8787386075427723,0.6519883426434233,287.53586812030017,-0.0005579557172696606
Nigeria,2022,1.2067208344082287,0.3279822268654564,37.32420813768467,-0.0005579557172696606
Nigeria,2023,0.9128684653253395,-0.29385236908288925,-24.351313137557064,-0.0005579557172696606
Nigeria,2024,0.9137229504132357,0.0008544850878962063,0.09360440417795286,-0.0005579557172696606
Nigeria,2025,0.5275052335531013,-0.3862177168601344,-42.268580064172134,-0.0005579557172696606
Norway,2014,17.304509936727637,,,2.323973867538515
Norway,2015,14.06614478414216,-3.2383651525854766,-18.71399516326243,2.323973867538515
Norway,2016,13.764503716657932,-0.30164106748422803,-2.1444473387213465,2.323973867538515
Norway,2017,12.320669028635479,-1.443834688022454,-10.489551368823502,2.323973867538515
Norway,2018,12.577274471839875,0.25660544320439627,2.0827232888733436,2.323973867538515
Norway,2019,12.954466391169053,0.37719191932917795,2.9989956899938766,2.323973867538515
Norway,2020,54.05446901574274,41.10000262457369,317.2651144673254,2.323973867538515
Norway,2021,11.89252422924737,-42.16194478649537,-77.99899907298357,2.323973867538515
Norway,2022,43.03075450662618,31.13823027737881,261.8302866333485,2.323973867538515
Norway,2023,15.094612733820563,-27.93614177280562,-64.9213384545786,2.323973867538515
Norway,2024,15.805152191277935,0.7105394574573722,4.707238734686831,2.323973867538515
Norway,2025,57.94982966808219,42.144677476804254,266.6515131696218,2.323973867538515
Pakistan,2014,0.5920745625603798,,,1.4163628718566297
Pakistan,2015,0.558783558125002,-0.0332910044353778,-5.622772289255846,1.4163628718566297
Pakistan,2016,0.480887541491909,-0.07789601663309303,-13.940284301576996,1.4163628718566297
Pakistan,2017,0.6388822973846296,0.15799475589272066,32.85482410348095,1.4163628718566297
Pakistan,2018,0.6104324843237118,-0.028449813060917872,-4.453060161062826,1.4163628718566297
Pakistan,2019,0.6121617653056575,0.0017292809819456911,0.28328783712445016,1.4163628718566297
Pakistan,2020,18.178143758732674,17.565981993427016,2869.500022539986,1.4163628718566297
Pakistan,2021,0.4922325553456168,-17.685911203387057,-97.2921737121308,1.4163628718566297
Pakistan,2022,5.593356179114043,5.101123623768426,1036.3239018570634,1.4163628718566297
Pakistan,2023,1.3273736196702537,-4.265982559443789,-76.26874496877647,1.4163628718566297
Pakistan,2024,0.148318095975808,-1.1790555236944458,-88.82619830785448,1.4163628718566297
Pakistan,2025,33.3979669578284,33.24964886185259,22417.796455043426,1.4163628718566297
Peru,2014,2.1368283707429643,,,4.306563223618005
Peru,2015,2.307242351389752,0.1704139806467877,7.975089762943181,4.306563223618005
Peru,2016,2.151717306440264,-0.15552504494948804,-6.740732929759571,4.306563223618005
Peru,2017,2.474666209698064,0.3229489032577999,15.00889091197936,4.306563223618005
Peru,2018,2.947792287595953,0.4731260778978892,19.11878361791733,4.306563223618005
Peru,2019,2.874782661968088,-0.07300962562786495,-2.4767561111779464,4.306563223618005
Peru,2020,32.86683504412503,29.992052382156945,1043.2806896652237,4.306563223618005
Peru,2021,2.130141724518643,-30.73669331960639,-93.51887176949396,4.306563223618005
Peru,2022,47.54508403655418,45.414942312035535,2132.0150574628146,4.306563223618005
Peru,2023,3.532104169174056,-44.012979867380125,-92.57104232593541,4.306563223618005
Peru,2024,4.06083488866509,0.5287307194910338,14.969284431231022,4.306563223618005
Peru,2025,88.80417848464589,84.7433435959808,2086.845338935667,4.306563223618005
Philippines,2014,0.2890738813706677,,,2.1329783115393095
Philippines,2015,0.7415114717444015,0.45243759037373377,156.51278774424847,2.1329783115393095
Philippines,2016,0.9990708558464216,0.2575593841020202,34.73437619193041,2.1329783115393095
Philippines,2017,7.882080174308304,6.883009318461882,688.9410574018332,2.1329783115393095
Philippines,2018,1.1190116591633636,-6.763068515144941,-85.80309214805008,2.1329783115393095
Philippines,2019,1.8835128510579324,0.7645011918945688,68.31932318436728,2.1329783115393095
Philippines,2020,26.914862853369073,25.03135000231114,1328.971553777906,2.1329783115393095
Philippines,2021,1.071244952722202,-25.84361790064687,-96.01987586353943,2.1329783115393095
Philippines,2022,29.73178938916328,28.660544436441075,2675.4426579663336,2.1329783115393095
Philippines,2023,0.9356435073271344,-28.796145881836143,-96.85305349408885,2.1329783115393095
Philippines,2024,0.4080699876594012,-0.5275735196677331,-56.38616797276343,2.1329783115393095
Philippines,2025,43.86545260313246,43.45738261547306,10649.492471802436,2.1329783115393095
Poland,2014,9.31804518314065,,,2.8986928718047245
Poland,2015,10.067702954542534,0.7496577714018837,8.045225759993698,2.8986928718047245
Poland,2016,12.917549487093916,2.849846532551382,28.30681979215065,2.8986928718047245
Poland,2017,14.830008960730295,1.9124594736363782,14.80512596872294,2.8986928718047245
Poland,2018,19.9732624161798,5.143253455449505,34.68139142106242,2.8986928718047245
Poland,2019,21.806697589921814,1.8334351737420143,9.179447681300166,2.8986928718047245
Poland,2020,32.755247499336114,10.9485499094143,50.207280879037285,2.8986928718047245
Poland,2021,27.347375767839686,-5.407871731496428,-16.509940068705127,2.8986928718047245
Poland,2022,31.58153753561828,4.234161767778595,15.482881442532918,2.8986928718047245
Poland,2023,35.47677851241282,3.8952409767945397,12.33391810769634,2.8986928718047245
Poland,2024,42.63694384053209,7.16016532811927,20.182681822742246,2.8986928718047245
Poland,2025,33.05985039642853,-9.57709344410356,-22.461960406738296,2.8986928718047245
Portugal,2014,8.080342750339923,,,4.2796550338670984
Portugal,2015,7.683257092982107,-0.39708565735781676,-4.914217993303714,4.2796550338670984
Portugal,2016,7.932773366921186,0.24951627393907927,3.247532536259754,4.2796550338670984
Portugal,2017,10.037089890243097,2.104316523321911,26.526870565805964,4.2796550338670984
Portugal,2018,11.916381427325684,1.8792915370825867,18.723470225263377,4.2796550338670984
Portugal,2019,12.366651715027416,0.4502702877017324,3.7785823695539733,4.2796550338670984
Portugal,2020,44.179644323811964,31.812992608784548,257.2482296895835,4.2796550338670984
Portugal,2021,11.745626741574489,-32.43401758223747,-73.4139400138995,4.2796550338670984
Portugal,2022,47.56704665966662,35.82141991809213,304.9766581743965,4.2796550338670984
Portugal,2023,15.461464699309944,-32.10558196035668,-67.49542848448455,4.2796550338670984
Portugal,2024,19.652990792536677,4.191526093226733,27.10950207333076,4.2796550338670984
Portugal,2025,84.86237771985137,65.20938692731468,331.80388479130755,4.2796550338670984
Romania,2014,4.9959543533228405,,,0.9046105849845932
Romania,2015,4.779340156779236,-0.21661419654360436,-4.335792147490958,0.9046105849845932
Romania,2016,5.129822086932841,0.35048193015360507,7.333270256072177,0.9046105849845932
Romania,2017,5.781576267536835,0.6517541806039935,12.705200483740015,0.9046105849845932
Romania,2018,7.653528538538131,1.8719522710012964,32.377887696685484,0.9046105849845932
Romania,2019,7.627220276615549,-0.02630826192258251,-0.34374029952474106,0.9046105849845932
Romania,2020,20.43374719392617,12.80652691731062,167.90555999247084,0.9046105849845932
Romania,2021,8.237389501175771,-12.196357692750398,-59.6873279139702,0.9046105849845932
Romania,2022,8.358711382207325,0.1213218810315535,1.4728195263103256,0.9046105849845932
Romania,2023,10.395806167304244,2.0370947850969188,24.370919056173626,0.9046105849845932
Romania,2024,10.484417492009763,0.08861132470551958,0.8523756914996189,0.9046105849845932
Romania,2025,18.002068657626292,7.517651165616529,71.70308862028601,0.9046105849845932
Russian Federation,2014,20.172608736786145,,,3.277891310949678
Russian Federation,2015,17.040415062022806,-3.1321936747633394,-15.526963892635107,3.277891310949678
Russian Federation,2016,18.584922581088918,1.5445075190661122,9.063790485410683,3.277891310949678
Russian Federation,2017,21.639708784015905,3.054786202926987,16.43690572074475,3.277891310949678
Russian Federation,2018,23.834761109104658,2.195052325088753,10.143631538656011,3.277891310949678
Russian Federation,2019,25.546701130442745,1.711940021338087,7.182534842709801,3.277891310949678
Russian Federation,2020,31.48266919247227,5.935968062029524,23.235751777578525,3.277891310949678
Russian Federation,2021,18.457754708346386,-13.024914484125883,-41.37169693108561,3.277891310949678
Russian Federation,2022,54.774969968672686,36.3172152603263,196.75857564573698,3.277891310949678
Russian Federation,2023,14.594696850231294,-40.18027311844139,-73.35517142487087,3.277891310949678
Russian Federation,2024,14.72056846555205,0.1258716153207562,0.8624476178740322,3.277891310949678
Russian Federation,2025,95.70041415795154,80.9798456923995,550.113576672683,3.277891310949678
Saudi Arabia,2020,41.48726652130365,,,10.794328540560716
Saudi Arabia,2022,99.40464980962513,57.917383288321474,139.60279416958207,10.794328540560716
Saudi Arabia,2025,100.00000000000004,0.5953501903749157,0.5989158369503851,10.794328540560716
Singapore,2014,27.99272040463188,,,4.688943564525946
Singapore,2015,27.582973355635463,-0.40974704899641523,-1.4637628750388103,4.688943564525946
Singapore,2016,29.01474244391341,1.431769088277946,5.1907713857303275,4.688943564525946
Singapore,2017,33.358873768569175,4.344131324655766,14.972151943285853,4.688943564525946
Singapore,2018,40.51906933768653,7.160195569117356,21.464140602563482,4.688943564525946
Singapore,2019,43.80070138458359,3.281632046897059,8.098981789408558,4.688943564525946
Singapore,2020,67.0309393516603,23.230237967076704,53.036223696757936,4.688943564525946
Singapore,2021,39.55090659789624,-27.480032753764057,-40.99604305050426,4.688943564525946
Singapore,2022,57.010882372904454,17.459975775008218,44.14557661729285,4.688943564525946
Singapore,2023,60.33478856583221,3.3239061929277582,5.830301259303979,4.688943564525946
Singapore,2024,60.30978014557377,-0.02500842025844463,-0.041449420562993375,4.688943564525946
Singapore,2025,90.59912792482703,30.289347779253262,50.22294511129344,4.688943564525946
South Africa,2014,2.9813285263431206,,,0.9254368767667572
South Africa,2015,3.1381209683465103,0.1567924420033897,5.2591467400511664,0.9254368767667572
South Africa,2016,2.1728739310744323,-0.9652470372720781,-30.75875809149164,0.9254368767667572
South Africa,2017,3.263488576617015,1.090614645542583,50.19226518140889,0.9254368767667572
South Africa,2018,3.3156466581414366,0.05215808152442136,1.5982308593979904,0.9254368767667572
South Africa,2019,3.180486380196993,-0.1351602779444434,-4.076437928407202,0.9254368767667572
South Africa,2020,32.64248852564449,29.462002145447496,926.3363719741092,0.9254368767667572
South Africa,2021,2.117818522407378,-30.52467000323711,-93.51208005865243,0.9254368767667572
South Africa,2022,7.628420336628282,5.5106018142209034,260.20179519238803,0.9254368767667572
South Africa,2023,3.484628614283506,-4.143791722344776,-54.32044302079333,0.9254368767667572
South Africa,2024,4.126020928831789,0.6413923145482827,18.406332081393497,0.9254368767667572
South Africa,2025,21.063909234538862,16.937888305707073,410.5138727568874,0.9254368767667572
Spain,2014,22.50833229863609,,,3.5265242475105962
Spain,2015,20.32774957501277,-2.1805827236233206,-9.687891109353556,3.5265242475105962
Spain,2016,23.73786027378338,3.410110698770609,16.77564300065157,3.5265242475105962
Spain,2017,31.414348761260523,7.676488487477144,32.33858654040199,3.5265242475105962
Spain,2018,33.75698869889838,2.342639937637859,7.4572290370913255,3.5265242475105962
Spain,2019,34.0412943692874,0.284305670389017,0.8422127723682147,3.5265242475105962
Spain,2020,56.08829903128633,22.047004661998933,64.7654710858765,3.5265242475105962
Spain,2021,26.772796523075478,-29.315502508210855,-52.266699141399386,3.5265242475105962
Spain,2022,63.76059623768307,36.98779971460759,138.15441238171664,3.5265242475105962
Spain,2023,34.06644896908551,-29.694147268597554,-46.571313665112896,3.5265242475105962
Spain,2024,33.15451998958321,-0.9119289795023064,-2.6769123495374,3.5265242475105962
Spain,2025,82.32826090528488,49.17374091570167,148.3168537235693,3.5265242475105962
Sweden,2014,19.742787087160906,,,2.418110302578129
Sweden,2015,19.239390174623477,-0.5033969125374291,-2.5497763325665264,2.418110302578129
Sweden,2016,20.33918982427321,1.0997996496497322,5.716395580460521,2.418110302578129
Sweden,2017,20.23999857455129,-0.09919124972191895,-0.48768535314785283,2.418110302578129
Sweden,2018,19.370801324688724,-0.869197249862566,-4.294453117973283,2.418110302578129
Sweden,2019,21.00431388980679,1.6335125651180675,8.432860044029784,2.418110302578129
Sweden,2020,54.824651753287675,33.82033786348089,161.01615144826795,2.418110302578129
Sweden,2021,25.806320162626175,-29.0183315906615,-52.92934959485876,2.418110302578129
Sweden,2022,38.64641634607709,12.840096183450914,49.75562615101744,2.418110302578129
Sweden,2023,23.903685637260203,-14.742730708816886,-38.14773037892137,2.418110302578129
Sweden,2024,26.67487771742555,2.7711920801653456,11.59315815233828,2.418110302578129
Sweden,2025,61.06548751682348,34.390609799397936,128.9250888559164,2.418110302578129
Switzerland,1970,99.99862604832978,,,-0.4979410021400384
Switzerland,1971,99.97759458266687,-0.02103146566291514,-0.02103175462905914,-0.4979410021400384
Switzerland,1972,99.97005726315301,-0.007537319513858165,-0.0075390086602112666,-0.4979410021400384
Switzerland,1973,99.93108504103168,-0.038972222121330446,-0.03898389496641294,-0.4979410021400384
Switzerland,1974,99.9813761942752,0.050291153243520625,0.05032583527224896,-0.4979410021400384
Switzerland,1975,100.00000000000004,0.018623805724843123,0.01862727483231972,-0.4979410021400384
Switzerland,1976,99.98913737169869,-0.010862628301353539,-0.010862628301353533,-0.4979410021400384
Switzerland,1977,99.98463039206165,-0.004506979637042718,-0.004507469266674953,-0.4979410021400384
Switzerland,1978,99.97171988440537,-0.01291050765627233,-0.0129124922557071,-0.4979410021400384
Switzerland,1979,99.98590595789025,0.014186073484879103,0.014190086457732325,-0.4979410021400384
Switzerland,1980,99.97774093254029,-0.008165025349967436,-0.00816617629429311,-0.4979410021400384
Switzerland,1981,100.00000000000004,0.02225906745975692,0.02226402322370553,-0.4979410021400384
Switzerland,1982,100.00000000000004,0.0,0.0,-0.4979410021400384
Switzerland,1983,99.98295109980842,-0.017048900191625194,-0.017048900191625187,-0.4979410021400384
Switzerland,1984,99.98839046714083,0.0054393673324142355,0.0054402948428521215,-0.4979410021400384
Switzerland,1985,99.95403789200728,-0.03435257513355339,-0.03435656377011356,-0.4979410021400384
Switzerland,1986,99.9550142722361,0.000976380228820517,0.0009768292001123772,-0.4979410021400384
Switzerland,1987,99.9720566364337,0.017042364197607185,0.017050034279611864,-0.4979410021400384
Switzerland,1988,99.97250440141619,0.00044776498248211283,0.00044789013805176625,-0.4979410021400384
Switzerland,1989,99.97450318849118,0.0019987870749957892,0.0019993368046179252,-0.4979410021400384
Switzerland,1990,99.88731019926492,-0.08719298922626706,-0.08721522632813092,-0.4979410021400384
Switzerland,1991,99.87804373362393,-0.009266465640990873,-0.009276919783409152,-0.4979410021400384
Switzerland,1992,99.88194658201188,0.0039028483879519626,0.003907613968051789,-0.4979410021400384
Switzerland,1993,99.90597902195701,0.024032439945131046,0.024060844594571747,-0.4979410021400384
Switzerland,1994,99.9159781432772,0.009999121320191762,0.010008531439338768,-0.4979410021400384
Switzerland,1995,99.91023600386063,-0.005742139416568648,-0.0057469681258932905,-0.4979410021400384
Switzerland,1996,99.9106772360333,0.0004412321726618984,0.00044162859613788597,-0.4979410021400384
Switzerland,1997,99.92476210254671,0.01408486651341434,0.014097458753221784,-0.4979410021400384
Switzerland,1998,99.91676254335631,-0.007999559190395189,-0.00800558242228861,-0.4979410021400384
Switzerland,1999,99.91868186911638,0.0019193257600704783,0.0019209246889255807,-0.4979410021400384
Switzerland,2000,99.91334393315623,-0.005337935960156415,-0.005342280202563705,-0.4979410021400384
Switzerland,2001,99.91321317662205,-0.0001307565341761574,-0.00013086994091963914,-0.4979410021400384
Switzerland,2002,99.92983423943816,0.016621062816113863,0.016635500238323737,-0.4979410021400384
Switzerland,2003,99.9289742932447,-0.0008599461934579722,-0.000860550004913935,-0.4979410021400384
Switzerland,2004,99.92893704125282,-3.7251991884090785e-05,-3.727846918029364e-05,-0.4979410021400384
Switzerland,2005,99.92346943094599,-0.0054676103068374005,-0.005471498515570372,-0.4979410021400384
Switzerland,2006,99.92682711560678,0.0033576846607985544,0.0033602562840544144,-0.4979410021400384
Switzerland,2007,99.94097130441955,0.014144188812764469,0.014154546102420378,-0.4979410021400384
Switzerland,2008,99.93478062496743,-0.00619067945211782,-0.006194335887792255,-0.4979410021400384
Switzerland,2009,99.95640721199237,0.021626587024940136,0.02164070095485556,-0.4979410021400384
Switzerland,2010,99.938970066085,-0.017437145907365448,-0.017444750560495745,-0.4979410021400384
Switzerland,2011,99.9744629418522,0.03549287576718996,0.035514550273752235,-0.4979410021400384
Switzerland,2012,99.96832808351624,-0.006134858335954618,-0.006136425398476824,-0.4979410021400384
Switzerland,2013,99.96199394563733,-0.006334137878909019,-0.006336144657353186,-0.4979410021400384
Switzerland,2014,58.23368132738749,-41.728312618249845,-41.744177933208384,-0.4979410021400384
Switzerland,2015,73.33991039771907,15.10622907033158,25.94070772446095,-0.4979410021400384
Switzerland,2016,73.98027749745695,0.6403670997378867,0.8731495529040116,-0.4979410021400384
Switzerland,2017,75.44319738036974,1.4629198829127859,1.9774457901473448,-0.4979410021400384
Switzerland,2018,74.89793601892568,-0.5452613614440622,-0.7227442372238837,-0.4979410021400384
Switzerland,2019,76.71085686265585,1.8129208437301685,2.4205217661432865,-0.4979410021400384
Switzerland,2020,73.34902936539218,-3.3618274972636613,-4.382466361029864,-0.4979410021400384
Switzerland,2021,77.51440789780396,4.165378532411779,5.678846153044124,-0.4979410021400384
Switzerland,2022,76.96878980421981,-0.545618093584153,-0.7038924870631835,-0.4979410021400384
Switzerland,2023,77.15698985925177,0.18820005503195603,0.24451476437484268,-0.4979410021400384
Switzerland,2024,62.50218294847616,-14.654806910775605,-18.9934922778981,-0.4979410021400384
Switzerland,2025,67.66815524298462,5.165972294508464,8.26526698878189,-0.4979410021400384
Thailand,2014,10.601811646070807,,,3.1309610740393445
Thailand,2015,11.144169227802049,0.5423575817312418,5.115706634273661,3.1309610740393445
Thailand,2016,11.389517080960346,0.24534785315829666,2.201580469060109,3.1309610740393445
Thailand,2017,11.811915016212913,0.4223979352525671,3.7086553560614277,3.1309610740393445
Thailand,2018,14.592126521454867,2.7802115052419545,23.53734768177611,3.1309610740393445
Thailand,2019,14.951249816093526,0.35912329463865866,2.4610758007795375,3.1309610740393445
Thailand,2020,42.96737061580794,28.01612079971441,187.38313615466353,3.1309610740393445
Thailand,2021,5.586806813132642,-37.3805638026753,-86.99755946649148,3.1309610740393445
Thailand,2022,49.01456975825055,43.42776294511791,777.3270921599495,3.1309610740393445
Thailand,2023,12.596289855146123,-36.41827990310443,-74.30092742367526,3.1309610740393445
Thailand,2024,15.248415983361731,2.652126128215608,21.05481978197017,3.1309610740393445
Thailand,2025,70.87961178888717,55.631195805525444,364.8326217374137,3.1309610740393445
Trkiye,2014,16.5687278665772,,,2.4627647555909404
Trkiye,2015,14.309469019175571,-2.259258847401627,-13.63568081746972,2.4627647555909404
Trkiye,2016,12.98823190912622,-1.321237110049351,-9.233306339171717,2.4627647555909404
Trkiye,2017,14.297758100894908,1.309526191768688,10.08240537227046,2.4627647555909404
Trkiye,2018,15.419995368376604,1.1222372674816956,7.849043602237569,2.4627647555909404
Trkiye,2019,10.939398466077584,-4.48059690229902,-29.05705738075543,2.4627647555909404
Trkiye,2020,40.452993154030494,29.51359468795291,269.7917511595614,2.4627647555909404
Trkiye,2021,12.775125235906033,-27.677867918124463,-68.41982696493449,2.4627647555909404
Trkiye,2022,55.880519705759475,43.105394469853444,337.4166098090414,2.4627647555909404
Trkiye,2023,14.609065068787894,-41.27145463697158,-73.85660486747018,2.4627647555909404
Trkiye,2024,9.920519122496907,-4.688545946290986,-32.09340176263581,2.4627647555909404
Trkiye,2025,62.297150115361035,52.37663099286413,527.9626030263767,2.4627647555909404
United Arab Emirates,2014,13.906843324421244,,,5.009417014400821
United Arab Emirates,2015,12.601452775654215,-1.3053905487670292,-9.38667761126413,5.009417014400821
United Arab Emirates,2016,14.02644792461635,1.424995148962136,11.308181479798913,5.009417014400821
United Arab Emirates,2017,14.50720242013279,0.48075449551643956,3.427485690605372,5.009417014400821
United Arab Emirates,2018,15.190752867422546,0.6835504472897558,4.711800576664863,5.009417014400821
United Arab Emirates,2019,17.617611313376294,2.426858445953748,15.975893144560906,5.009417014400821
United Arab Emirates,2020,43.83079873903169,26.2131874256554,148.7896795960804,5.009417014400821
United Arab Emirates,2021,24.257897415478904,-19.572901323552788,-44.655588961747476,5.009417014400821
United Arab Emirates,2022,71.50167134469035,47.24377392921144,194.75626069333325,5.009417014400821
United Arab Emirates,2023,30.74752409935498,-40.754147245335375,-56.99747499449429,5.009417014400821
United Arab Emirates,2024,30.675654961726508,-0.07186913762847169,-0.23373959280831771,5.009417014400821
United Arab Emirates,2025,87.96056582698468,57.28491086525817,186.74388839205415,5.009417014400821
United Kingdom,1970,93.21438927217586,,,-0.46504807965784434
United Kingdom,1971,93.26525920182257,0.050869929646708556,0.05457304397304358,-0.46504807965784434
United Kingdom,1972,93.38271562452375,0.1174564227011814,0.1259380220527882,-0.46504807965784434
United Kingdom,1973,93.03590936485412,-0.3468062596696342,-0.37138163882927117,-0.46504807965784434
United Kingdom,1974,93.52287209237116,0.48696272751703873,0.523413734375769,-0.46504807965784434
United Kingdom,1975,93.74794131861059,0.2250692262394267,0.24065688018769263,-0.46504807965784434
United Kingdom,1976,93.68192681533932,-0.06601450327126202,-0.07041701646215989,-0.46504807965784434
United Kingdom,1977,93.5907299262355,-0.09119688910382706,-0.09734736699383796,-0.46504807965784434
United Kingdom,1978,93.61044403096979,0.019714104734291027,0.0210641638865611,-0.46504807965784434
United Kingdom,1979,93.2221859560153,-0.3882580749544928,-0.41475935615265613,-0.46504807965784434
United Kingdom,1980,93.91255225813535,0.6903663021200543,0.7405600877518443,-0.46504807965784434
United Kingdom,1981,94.11971265186774,0.20716039373239425,0.22058861009652586,-0.46504807965784434
United Kingdom,1982,94.29050237041811,0.17078971855036684,0.18146009346850428,-0.46504807965784434
United Kingdom,1983,94.36380795851838,0.07330558810026844,0.07774440294345775,-0.46504807965784434
United Kingdom,1984,94.53870459587715,0.1748966373587706,0.1853429202811038,-0.46504807965784434
United Kingdom,1985,94.25340222809503,-0.2853023677821227,-0.301783665221244,-0.46504807965784434
United Kingdom,1986,94.10325268627017,-0.1501495418248595,-0.15930410815462637,-0.46504807965784434
United Kingdom,1987,94.05334119712501,-0.04991148914515975,-0.05303906902300086,-0.46504807965784434
United Kingdom,1988,94.07794202802471,0.024600830899700554,0.026156254085795885,-0.46504807965784434
United Kingdom,1989,94.22394146996345,0.14599944193874137,0.15518987638489143,-0.46504807965784434
United Kingdom,1990,89.72750216373353,-4.496439306229917,-4.772077283206502,-0.46504807965784434
United Kingdom,1991,89.63233814754389,-0.0951640161896421,-0.10605891604559335,-0.46504807965784434
United Kingdom,1992,89.9820484934006,0.3497103458567068,0.3901609096496492,-0.46504807965784434
United Kingdom,1993,90.3306958625304,0.3486473691298073,0.38746324957847295,-0.46504807965784434
United Kingdom,1994,90.54488127804093,0.21418541551052783,0.23711254902373993,-0.46504807965784434
United Kingdom,1995,90.61735933282144,0.07247805478050395,0.0800465512323571,-0.46504807965784434
United Kingdom,1996,90.46437114920427,-0.15298818361716826,-0.1688287815309977,-0.46504807965784434
United Kingdom,1997,90.70664796105942,0.24227681185514882,0.26781462002931294,-0.46504807965784434
United Kingdom,1998,90.77689483773361,0.07024687667419016,0.07744402229960842,-0.46504807965784434
United Kingdom,1999,91.42467752095112,0.647782683217514,0.7135986358372852,-0.46504807965784434
United Kingdom,2000,91.54257739830177,0.1178998773506521,0.1289584831443719,-0.46504807965784434
United Kingdom,2001,91.6485443803957,0.10596698209393196,0.11575704454209279,-0.46504807965784434
United Kingdom,2002,91.93004905835924,0.2815046779635395,0.3071567364945028,-0.46504807965784434
United Kingdom,2003,91.98970782741583,0.05965876905658263,0.06489583076226786,-0.46504807965784434
United Kingdom,2004,92.08215416394029,0.09244633652446055,0.10049639107225061,-0.46504807965784434
United Kingdom,2005,92.27316433608392,0.1910101721436348,0.20743451744576485,-0.46504807965784434
United Kingdom,2006,92.45138209853721,0.17821776245328635,0.19314148781564364,-0.46504807965784434
United Kingdom,2007,92.62900336561681,0.17762126707960135,0.1921239715922124,-0.46504807965784434
United Kingdom,2008,92.94421606818813,0.3152127025713156,0.3402959020590307,-0.46504807965784434
United Kingdom,2009,93.55913797979943,0.6149219116113045,0.6616032041845075,-0.46504807965784434
United Kingdom,2010,93.52027555523117,-0.03886242456826494,-0.04153781811954682,-0.46504807965784434
United Kingdom,2011,93.98237916567454,0.46210361044337844,0.4941213097372339,-0.46504807965784434
United Kingdom,2012,93.880156756282,-0.1022224093925388,-0.10876763314571822,-0.46504807965784434
United Kingdom,2013,94.08308844969717,0.2029316934151666,0.2161603691629833,-0.46504807965784434
United Kingdom,2014,90.19047725258025,-3.8926111971169206,-4.137418595902237,-0.46504807965784434
United Kingdom,2015,64.77371705719595,-25.4167601953843,-28.18120157431272,-0.46504807965784434
United Kingdom,2016,64.73328663172778,-0.040430425468173325,-0.06241794867580748,-0.46504807965784434
United Kingdom,2017,67.0760304508971,2.342743819169314,3.619071332647373,-0.46504807965784434
United Kingdom,2018,66.82773018715015,-0.24830026374694114,-0.37017733768355443,-0.46504807965784434
United Kingdom,2019,68.09068224921947,1.262952062069317,1.8898622750352838,-0.46504807965784434
United Kingdom,2020,66.23294784930437,-1.8577343999151026,-2.728323962323638,-0.46504807965784434
United Kingdom,2021,66.36329011921127,0.13034226990690456,0.1967937018347184,-0.46504807965784434
United Kingdom,2022,67.38348081387268,1.0201906946614088,1.537281670075121,-0.46504807965784434
United Kingdom,2023,63.006231766970174,-4.377249046902506,-6.496026910502571,-0.46504807965784434
United Kingdom,2024,61.161755551178516,-1.8444762157916585,-2.927450450637155,-0.46504807965784434
United Kingdom,2025,72.78976994840055,11.628014397222032,19.011904240538062,-0.46504807965784434
United States,1970,51.14027791300893,,,-0.16256475073298987
United States,1971,52.59024942627049,1.4499715132615592,2.8352828190101,-0.16256475073298987
United States,1972,49.898437155136214,-2.6918122711342747,-5.118462643741768,-0.16256475073298987
United States,1973,47.901816585928415,-1.9966205692077992,-4.001368946687101,-0.16256475073298987
United States,1974,49.716825542528916,1.8150089566005008,3.7890190518028826,-0.16256475073298987
United States,1975,51.99216023971662,2.275334697187702,4.576588855701031,-0.16256475073298987
United States,1976,48.768960777040775,-3.2231994626758436,-6.199395154605739,-0.16256475073298987
United States,1977,47.00723129917046,-1.7617294778703112,-3.612399054235517,-0.16256475073298987
United States,1978,47.11617128669093,0.10893998752046485,0.23175155079254225,-0.16256475073298987
United States,1979,46.720867204958886,-0.3953040817320428,-0.8389987363928821,-0.16256475073298987
United States,1980,49.1510908274836,2.4302236225247142,5.201580723798667,-0.16256475073298987
United States,1981,49.914933587581054,0.7638427600974538,1.5540708196659985,-0.16256475073298987
United States,1982,52.535078141092484,2.6201445535114303,5.249219752870368,-0.16256475073298987
United States,1983,52.706599465302844,0.17152132421036015,0.32648913883730885,-0.16256475073298987
United States,1984,50.498393598633406,-2.208205866669438,-4.189619305876708,-0.16256475073298987
United States,1985,50.21699338415932,-0.2814002144740826,-0.5572458734245714,-0.16256475073298987
United States,1986,50.619549631478954,0.40255624731963024,0.8016335112699409,-0.16256475073298987
United States,1987,48.93110964509521,-1.6884399863837416,-3.335549207126382,-0.16256475073298987
United States,1988,46.56524026597271,-2.3658693791225005,-4.835102649996109,-0.16256475073298987
United States,1989,45.9465862683027,-0.618653997670009,-1.3285746924881368,-0.16256475073298987
United States,1990,17.03794096515296,-28.908645303149743,-62.91793939671428,-0.16256475073298987
United States,1991,17.84507284932361,0.8071318841706514,4.737261889928172,-0.16256475073298987
United States,1992,16.928239490234034,-0.9168333590895763,-5.137739514043662,-0.16256475073298987
United States,1993,15.449817769750846,-1.4784217204831887,-8.733464110878723,-0.16256475073298987
United States,1994,14.33292285242859,-1.1168949173222558,-7.229178582992876,-0.16256475073298987
United States,1995,13.728172675812473,-0.6047501766161165,-4.219308112117877,-0.16256475073298987
United States,1996,11.9275239699432,-1.800648705869273,-13.116448549935692,-0.16256475073298987
United States,1997,11.748117461651846,-0.17940650829135407,-1.504138736115308,-0.16256475073298987
United States,1998,11.621200183687451,-0.12691727796439523,-1.080320131107627,-0.16256475073298987
United States,1999,11.804850280839577,0.18365009715212643,1.5803023289273859,-0.16256475073298987
United States,2000,10.39230033996426,-1.4125499408753175,-11.965843761424267,-0.16256475073298987
United States,2001,11.235675212186672,0.8433748722224124,8.115382010074901,-0.16256475073298987
United States,2002,11.190097996165266,-0.04557721602140674,-0.4056473256896197,-0.16256475073298987
United States,2003,10.71803719318957,-0.47206080297569564,-4.218558256929172,-0.16256475073298987
United States,2004,9.226427731228126,-1.4916094619614437,-13.91681550526097,-0.16256475073298987
United States,2005,9.770293755894453,0.5438660246663272,5.894654361465782,-0.16256475073298987
United States,2006,10.501046915765333,0.7307531598708792,7.479336631306639,-0.16256475073298987
United States,2007,9.124937328979556,-1.3761095867857769,-13.104498987808624,-0.16256475073298987
United States,2008,11.310547601059131,2.1856102720795754,23.95205789675262,-0.16256475073298987
United States,2009,15.26579175474052,3.95524415368139,34.969519542192785,-0.16256475073298987
United States,2010,13.284431761815197,-1.9813599929253236,-12.979084378706052,-0.16256475073298987
United States,2011,15.104933831707866,1.8205020698926688,13.704026657169669,-0.16256475073298987
United States,2012,18.105062459866982,3.000128628159116,19.861911754034484,-0.16256475073298987
United States,2013,15.266022090190674,-2.839040369676308,-15.680920051888991,-0.16256475073298987
United States,2014,14.780442714505662,-0.4855793756850115,-3.1807852288974816,-0.16256475073298987
United States,2015,51.76282831266877,36.98238559816311,250.2116229703205,-0.16256475073298987
United States,2016,52.79048299044947,1.0276546777806956,1.9853140009530363,-0.16256475073298987
United States,2017,54.2521893218528,1.4617063314033345,2.7688822844598286,-0.16256475073298987
United States,2018,56.02050178592901,1.7683124640762031,3.259430607649093,-0.16256475073298987
United States,2019,56.90911811309499,0.8886163271659839,1.586234144352457,-0.16256475073298987
United States,2020,51.712447459481666,-5.1966706536133245,-9.13152553741217,-0.16256475073298987
United States,2021,57.51115105072653,5.798703591244866,11.213361339720642,-0.16256475073298987
United States,2022,63.720197415181765,6.209046364455233,10.79624777285134,-0.16256475073298987
United States,2023,63.8943059999404,0.17410858475863478,0.27323924253434945,-0.16256475073298987
United States,2024,41.79861302157683,-22.095692978363573,-34.58163076125153,-0.16256475073298987
United States,2025,71.86109112743695,30.062478105860123,71.92219055292958,-0.16256475073298987
Viet Nam,2014,3.434935472621159,,,0.41450069650251586
Viet Nam,2015,3.620449545647783,0.18551407302662426,5.4008022714051345,0.41450069650251586
Viet Nam,2016,3.7092989602982605,0.08884941465047724,2.454098960094195,0.41450069650251586
Viet Nam,2017,4.071311307185315,0.36201234688705464,9.759589366125011,0.41450069650251586
Viet Nam,2018,4.200713990779881,0.12940268359456564,3.1784030704354973,0.41450069650251586
Viet Nam,2019,4.6345809813619505,0.4338669905820698,10.328410635295846,0.41450069650251586
Viet Nam,2020,1.5857350903132708,-3.0488458910486798,-65.78471502191175,0.41450069650251586
Viet Nam,2021,0.9455813264432319,-0.6401537638700389,-40.36952753209068,0.41450069650251586
Viet Nam,2022,6.875368567421825,5.929787240978593,627.1049432927426,0.41450069650251586
Viet Nam,2023,8.252889540392522,1.3775209729706965,20.03559459340009,0.41450069650251586
Viet Nam,2024,8.721644807996034,0.4687552676035125,5.6798926643724075,0.41450069650251586
